1|Tensión||Acosta, Miguel Angel|Argentina|Madera y metal|1.jpg|Av. De los Inmigrantes 1001 - Museum|-27.437196,-58.980025|Premio de los Niños - Concurso Milenio|||
2|Gestación||Adaime, Zulema|Argentina|Hierro|2.jpg|Pellegrini 209|-27.451123,-58.982975||||
3|El vientre de los testigos|28-7-1993|Agosta, Julián|Argentina|Chapa|3.jpg|Av. Avalos 450 - Casa del Médico (frente)|-27.44144,-58.989581||||
4|El escriba||Alonso, José|Argentina|Cemento|4.jpg|Juan D. Perón 159|-27.451385,-58.989754||||
5|Torso|14-7-1961|Alonso, José|Argentina|Piedra|5.jpg|Brown 134|-27.450697,-58.983616||||
6|Torso||Althaus, Carlos|Argentina|Piedra reconstituida|6.jpg|Juan D. Perón 85|-27.452078,-58.988989||||
7|Desde las entrañas|20-3-1997|Alvarez Lomba, Arturo|Argentina|Mármol travertino|7.jpg|Julio A. Roca 586|-27.447405,-58.992432||||
8|Tehuelche||Andina, Emilio|Argentina|Bronce|8.jpg|Mitre 198|-27.448912,-58.985679||||
9|Holocausto universal|18-12-1994|Aranovich, Claudia|Argentina|Acero inoxidable y Hormigon|9.jpg|Plaza 9 de Julio|-27.450797,-58.994023||||
10|Un día ya no tendré miedo|11-3-1997|Archambault, Pascale|Canadá|Mármol travertino|10.jpg|Santa Fe 642|-27.444589,-58.99029|Premio del Público - Nuevo Banco del Chaco|||
11|El hombre y la roca|0-0-1974|Arena, Domingo|Argentina|Cemento|11.jpg|Peatonal Juan D. Perón 43|-27.452349,-58.98871||||
12|Figura con cántaro||Arena, Domingo|Argentina|Madera|12.jpg|Ruta Nacional 11, Km 1003,5 - Aeropuerto Internacional Resistencia|-27.445039,-59.048527||||
14|Abstracción|22-2-1962|Arranz, Fernando|Argentina|Cerámica|14.jpg|Marcelo T. De Alvear 141|-27.44935,-58.987031||||
15|Frustración||Arrigutti, Mario|Argentina|Cemento|15.jpg|Av. Alberdi 198|-27.452542,-58.98823||||
16|San Francisco||Arrigutti, Mario|Argentina|Piedra reconstituida|16.jpg|Brown 500|-27.453432,-58.98057||||
17|Leda||Asali, Oreste|Argentina|Piedra reconstituida|17.jpg|Brown 65|-27.450014,-58.984142||||
18|Bailarina en descanso||Azcarate, Enrique|Argentina|Cemento|18.jpg|Av. Sarmiento 706|-27.445427,-58.980328||||
19|Manantial||Azlor, Ernestina|Argentina|Mármol travertino|19.jpg|Plaza 25 de Mayo de 1810|-27.452316,-58.986404||||
20|El alma|4-4-1962|Badíi, Líbero|Argentina|Bronce|20.jpg|Av. Alberdi 202|-27.452716,-58.988455||||
21|Adolescencia|8-5-1970|Baglietto de Alio, Hermi|Argentina|Bronce|21.jpg|Av. 9 de Julio 106|-27.452099,-58.985553||||
22|Torso I|0-0-1978|Balietti, Alberto|Argentina|Cemento|22.jpg|Marcelo T. De Alvear 147 - Casa de Gobierno|-27.44924,-58.98709||||
23|Torso II||Balietti, Alberto|Argentina|Cemento|23.jpg|Ameghino 220|-27.456074,-58.987997||||
24|Güemes||Balietti, Alberto|Argentina|Piedra reconstituida|24.jpg|Hipólito Yrigoyen 469|-27.453858,-58.981551||||
25|Anunciación|22-2-1962|Barnes, Eduardo|Argentina|Piedra reconstituida|25.jpg|Julio A. Roca 158|-27.45067,-58.988724||||
26|Leon de Damasco|28-2-1978|Basaldella, Mirko|Italia|Bronce|26.jpg|Av. Avalos 955|-27.43724,-58.985178||||
27|Ansia de luz|27-10-1961|Blotta, Herminio|Argentina|Bronce|27.jpg|Arturo Illia 99|-27.45337,-58.987388||||
28|José Hernández|0-0-1998|Blotta, Herminio|Argentina|Cemento|28.jpg|Av. Laprida 700 al 800|-27.450376,-58.973274||||
29|Chaco|30-7-1969|Bonome, Rodrigo|Argentina|Fuente mural - Mosaico veneciano|29.jpg|Plaza 25 de Mayo|-27.450552,-58.986808||||
30|Hacha ceremonial|19-7-1998|Botero, Germán|Colombia|Mármol travertino y metal|30.jpg|Plazoleta Aldo y Efraín Boglietti|-27.445458,-58.977893|Premio Consalud - Segunda Trienal Americana de Escultura|||
31|Maternidad|0-0-1991|Vozzo, Hilario|Argentina|Cemento patinado|31.jpg|Arbo y Blanco 120|-27.456759,-58.982412||||
32|Figura||Bucci, Ermando|Argentina|Cemento|32.jpg|Frondizi 47|-27.452342,-58.986049||||
33|Grupo escultórico||Budini, Miguel Angel|Argentina|Cemento|33.jpg|Roque Saenz Peña 453|-27.457014,-58.987782||||
34|Ritual rupestre del próximo milenio||Bustos Navarro, Carlos|Argentina|Madera, resina y metal|34.jpg|Av. Sabin|-27.432361,-58.980505|Premio del Público - Concurso Milenio|||
35|Sin título||Bustos Navarro, Carlos|Argentina|Chapa|35.jpg|Entrada Aeropuerto Internacional Resistencia|-27.444047,-59.024619||||
36|Sin título||Bustos Navarro, Carlos|Argentina|Chapa|36.jpg|Entrada Aeropuerto Internacional Resistencia|-27.444511,-59.024968||||
37|Canto americano||Bustos Navarro, Carlos|Argentina|Piedra reconstituído|37.jpg|Necochea 302|-27.451206,-58.991879||||
39|Ofrenda americana|28-7-1993|Caner, Fausto|Argentina|Lava volcánica|39.jpg|Arturo Illia 500|-27.45644,-58.983925||||
40|Mari||Caner, Fausto|Argentina|Cemento|40.jpg|Santa María de Oro 285|-27.452585,-58.989828||||
41|Trilogía de máscaras||Carletti, José|Desconocido|Piedra|41.jpg|Ruta Nacional 11, Km 1003,5 - Aeropuerto Internacional Resistencia|-27.444554,-59.049145||||
42|Comunicador de emociones III||Carrasco, Ted|Bolivia|Mármol travertino|42.jpg|Av. De los Inmigrantes 1001 - Museum |-27.438676,-58.981632|Premio Fundación Andreani - Primera Bienal Internacional de Escultura|||
43|Imagen del alba||Carriza, Hugo César|Argentina|Cemento|43.jpg|Av. Sarmiento 2300|-27.434258,-58.967456||||
44|Cuando llegue la hora te estaré esperando|31-12-1996|Castro, Luis|Venezuela|Mármol travertino|44.jpg|La Rioja 268|-27.444325,-58.983541|Premio de los Niños - Segunda Trienal Americana de Escultura|||
45|El sembrador|1-3-1962|Constanzo, Julio|Argentina|Cemento|45.jpg|Vedia 152|-27.450726,-58.989685||||
46|Cabeza de Almafuerte|3-5-1963|Correa Morales, Lucio|Argentina|Bronce|46.jpg|Av. San Martin 100 al 200|-27.456105,-58.98337||||
47|Margarita en monociclo paseando por la Ciudad de las Esculturas|6-1-1999|Cuevas, Carlos|Argentina|Resina|47.jpg|Av. Las Heras 120|-27.458437,-58.9808||||
48|Hombre sentado|0-0-1978|Cuesta, Orlando Eloy|Argentina|Madera algarrobo patinado|48.jpg|Ruta Nacional 11, Km 1003,5 - Aeropuerto Internacional Resistencia|-27.444656,-59.049054||||
49|Remordimiento|31-10-1962|Cullen Ayerza, Hernán|Argentina|Bronce|49.jpg|Juan B. Justo 102|-27.45287,-58.986451||||
50|Dúo|25-8-1999|Chablais, Jean Paul|Francia|Mármol travertino|50.jpg|Av. San Martin 602 - Escuela de Comercio 7, 8 y 9|-27.459685,-58.98768||||
51|Péndulo|0-0-1978|Daga, Ricardo|Argentina|Bronce|51.jpg|Mitre 97|-27.44955,-58.986811||||
52|Cabeza de Fernando Arranz||De la Cárcova, Ernesto|Argentina|Bronce|52.jpg|Plaza 25 de Mayo|-27.450291,-58.986862||||
53|Gaucho Victoriano Nogueira|0-0-1972|Della Lastra, Ricardo||Bronce|53.jpg|Av. 9 de Julio 699|-27.456436,-58.980339||||
54|Quinre||De Leo, José Luis|Argentina|Madera|54.jpg|Marcelo T. De Alvear 145 - Casa de Gobierno|-27.449795,-58.98713|Tercer premio - Quinto Concurso Nacional de Escultura en Madera|||
55|Madre||De Robertis, Pablo|Argentina|Bronce|55.jpg|Juan D. Perón 123|-27.451709,-58.989404||||
56|Luna||Devoto, Antonio|Argentina|Bronce|56.jpg|Julio A. Roca 440|-27.448519,-58.991184||||
57|Maternidad|10-8-1968|Devoto, Antonio|Argentina|Cemento|57.jpg|Güemes 190|-27.450493,-58.983887||||
58|Madre||Diamante de Gorodner, Lola|Argentina|Cemento|58.jpg|Hipólito yrigoyen 236|-27.452232,-58.983592||||
59|De la serie de la ribera||"Díaz, Alberto ""Bastón"""|Argentina|Madera|59.jpg|Roque Saenz Peña 180 - Secheep|-27.454703,-58.985641|Tercer Premio - Primera Trienal Nacional de Escultra en Madera|||
60|En memoria de...|19-7-1998|Díaz Navarro, Carlos|Argentina|Mármol travertino|60.jpg|Plazoleta Aldo y Efraín Boglietti|-27.445111,-58.97796|Premio Fundación Andreani - Gran Premio de Honor|||
61|Convivencia 23||Díaz Navarro, Carlos|Argentina|Madera y granito|61.jpg|Sala de Exposición MUSEUM||Primer Premio - Primer Concurso Americano de Escultura en Madera|||
62|Angel mío|5-11-1998|Dinev, Mitko|Bulgaria|Metal|62.jpg|Av. De los Inmigrantes 1001 - Museum |-27.454865,-58.982007|Premio del Público y de los Niños - Primera Bienal Internacional de Escultura|||
63|Cabeza de Juan Ramón Lestani|2-2-1959|Dominguez, Crisanto|Argentina|Bronce|63.jpg|Av. Italia 1|-27.454865,-58.982007||||
64|Cabeza del Poeta Gaspar Benavento|14-7-1961|Dominguez, Crisanto|Argentina|Bronce|64.jpg|Brown 350 - El Fogón de los Arrieros|-27.45248,-58.981779||||
65|Julia|9-12-1997|Dominguez, Crisanto|Argentina|Bronce|65.jpg|Hipólito yrigoyen 726|-27.456022,-58.979304||||
66|Desnudo||Dompé, Hernán|Argentina|Mármol travertino|66.jpg|Av. Italia 50|-27.454755,-58.981763||||
67|Pinchila|19-7-1998|Dompé, Hernán|Argentina|Mármol travertino|67.jpg|Av. De los Inmigrantes 1001 - Museum |-27.43761,-58.981468|Premio del Público - Gran Premio de Honor|||
68|Guardiana del sol||Dompé, Hernán|Argentina|Cemento patinado|68.jpg|Salta 185|-27.452094,-58.99077||||
69|Cuchillo||Dompé, Hernán|Argentina|Madera|69.jpg|Roque Saenz Peña 180 - Secheep|-27.454784,-58.985703|Tercer Premio - Primer Concurso Trienal Internacional de Escultura en Madera|||
70|Nave con rayo|25-7-2006|Dompé, Hernán|Argentina|Madera|70.jpg|Sala de Exposición MUSEUM||Segundo Puesto y Premio de Escultores - Segundo Concurso Internacional de Escultura en Madera|||
71|Construyamos juntos el mundo que soñamos|6-11-1996|Eidman, Mimo|Argentina|Metal|71.jpg|Arbo y Blanco 260|-27.457771,-58.983555||||
73|Chaco|26-6-1996|Eidman, Mimo|Argentina|Chapa y mármol|73.jpg|Av. Sarmiento 199|-27.449619,-58.984925||||
74|Luana|5-3-1999|Eidman, Mimo|Argentina|Mármol travertino, metal, granito|74.jpg|Santa Fe 560|-27.445175,-58.989625||||
75|Reflexión|28-12-1999|Eidman, Mimo|Argentina|Metal|75.jpg|Marcelo T. De Alvear 751|-27.444554,-58.992219||||
76|Madre|21-10-1962|Mariscal, José|Argentina|Madera de quebracho|76.jpg|Plaza España|-27.458672,-58.98632||||
77|Arbol de la vida|27-3-1999|Eidman, Mimo|Argentina|Cemento y metal|77.jpg|Av. Vélez Sárfield 400 al 500|-27.454684,-58.976168||||
78|Monumento al maestro||Eidman, Mimo y Fabriciano|Argentina|Mural cemento|78.jpg|Plaza 25 de Mayo|-27.450752,-58.987209||||
79|La noche|8-11-1968|Eloisegui, Rubén|Argentina|Piedra roja reconstituída|79.jpg|Av. Alberdi 175|-27.452523,-58.987943||||
80|Libertad|0-0-1976|Fabriciano|Argentina|Cemento|80.jpg|Arturo Illía 270|-27.454862,-58.985915|Primer premio - LXV Salón Nacional|||
81|Encadenamiento diagonal|26-6-1995|Fabriciano|Argentina|Mármol dolomita|81.jpg|Julio A. Roca 1741|-27.437977,-59.003242||||
82|Apoyo esencial|27-11-1997|Fabriciano|Argentina|Mármol travertino - Madera y metal|82.jpg|Güemes 46|-27.451586,-58.985168||||
83|Victoria||Fabriciano|Argentina|Mármol de Carrara|83.jpg|Ruta Nacional 11, Km 1003,5 - Aeropuerto Internacional Resistencia|-27.444661,-59.04892||||
84|Victoria II|0-0-1983|Fabriciano|Argentina|Mármol|84.jpg|Güemes 144|-27.450970918970555,-58.984447717666626||||
85|Familia|19-7-1998|Fabriciano|Argentina|Metal|85.jpg|Av. Mac Lean y Julio A. Roca|-27.439245,-59.001942||||
86|Canto americano||Fabriciano|Argentina|Mármol|86.jpg|Frondizi 123|-27.452884,-58.986646||||
88|Maternidad|0-0-1993|Fabriciano|Argentina|Mármol travertino|88.jpg|Mitre 401|-27.447086,-58.983952||||
89|Inmaculada|0-0-1978|Fabriciano|Argentina|Mármol de Carrara|89.jpg|Santa María de Oro 60|-27.450857,-58.988149||||
90|San Fernando|0-0-1978|Fabriciano|Argentina|Mármol de Carrara|90.jpg|Santa María de Oro 60|-27.450947,-58.988243||||
92|Magnetismo|0-12-1999|Fabriciano|Argentina|Mármol travertino y metal|92.jpg|Monteagudo 62|-27.455386,-58.980671||||
93|Procesión de destellos|28-8-1999|Fabriciano|Argentina|Mármol dolomita|93.jpg|Monteagudo 546|-27.451566,-58.976431||||
94|Busto de Belgrano|19-6-1970|Fabriciano|Argentina|Cemento|94.jpg|Av. Belgrano 0 al 100|-27.447382,-58.991086||||
95|Bruno Ramirez|11-9-1978|Fabriciano|Argentina|Cemento|95.jpg|Av. Sarmiento 108|-27.450243,-58.98539||||
96|Encuentros I||Fabriciano|Argentina|Cemento|96.jpg|Av. Sarmiento y ruta Nicolas Avellaneda|-27.422333,-58.956065||||
97|Plegaria|28-7-1999|Fabriciano|Argentina|Resina|97.jpg|Mitre 50|-27.449814,-58.987066||||
98|Señales|0-0-1999|Fabriciano|Argentina|Metal|98.jpg|Av. San Martin 499|-27.458885,-58.986323||||
99|Inmaculada||Fabriciano|Argentina|Mármol|99.jpg|Ruta 11 y ruta 16|-27.411919,-59.00217||||
100|A la mar||Fabriciano|Argentina|Chapa|100.jpg|Av. Firpo 103 |-27.478485,-58.953061||||
101|Mujer del éxodo (reproducción)|4-4-1962|Falcini, Luis|Argentina|Cemento|101.jpg|Peatonal Arturo Illía 161|-27.45391,-58.986779||||
102|Espera||Fernández Mar, Nicasio|Argentina|Piedra|102.jpg|Santa María de Oro 2|-27.450399,-58.987625||||
103|Estructura||Fernández Olivi, Raúl|Argentina|Madera|103.jpg|Marcelo T. De Alvear 145 - Casa de Gobierno|-27.449576,-58.986935|Segundo Premio - Sexto Concurso Nacional de Escultura en Madera|||
104|Wichiqomocoi|0-0-1999|Ferrer, Francisco|Argentina|Madera|104.jpg|Rotonda Villa Rossi (Barranqueras)|-27.482885,-58.936198|Segundo Premio - Concurso Milenio|||
105|Cabeza de Guillermo Hillcoat|15-8-1963|Fioravanti, José|Argentina|Bronce|105.jpg|Juan B. Justo 143|-27.453051,-58.98605||||
106|Despertar|19-6-1969|Fontana, Lucio|Argentina|Bronce|106.jpg|Güemes 2|-27.451859,-58.985488||||
107|Los peces en el bosque|7-7-1999|Fujibe, Yoshito|Japón|Mármol travertino|107.jpg|Av. Sarmiento 2100|-27.434494,-58.9677||||
108|Bailarina||Gabito, Walter|Argentina|Cemento|108.jpg|Av. Sarmiento 485|-27.447408,-58.982463||||
109|Mujer andina|26-9-1969|Gaimari, Enrique|Argentina|Piedra|109.jpg|Av. Sarmiento 335|-27.448534,-58.983796||||
111|Forma|10-7-1997|Gajardo, José Vicente|Chile|Mármol travertino|111.jpg|José Maria Paz 101|-27.453615,-58.985703|Segundo puesto y Premio de Escultores|||
112|Mesa|19-7-1998|Gajardo, José Vicente|Chile|Granito|112.jpg|Av. De los Inmigrantes 1001 - Museum|-27.437555,-58.980975|Gran Premio de Honor|||
113|Cincel|19-7-1998|Gamarra, Jorge|Argentina|Granito y chapa|113.jpg|Av. De los Inmigrantes 1001 - Museum|-27.437667,-58.981425|Gran Premio de Honor - Fondo Nacional de las Artes|||
114|Impronta||Gamarra, Jorge|Argentina|Madera|114.jpg|Sala de Exposiciones Museum||Primer premio - Segundo Concurso Nacional de Escultura en Madera|||
115|Libre y forzado|19-7-1998|Gangolf, Serge|Bélgica|Mármol travertino|115.jpg|Av. De los Inmigrantes 1001 - Museum|-27.437629,-58.981168|Gran Premio de Honor|||
116|Orfelia|1-7-1994|Garcia, Orfelia|Desconocido|Cemento|116.jpg|Av. Wilde 315|-27.44468,-58.988208||||
117|Muchacha santiagueña||Gerstein, Noemí|Argentina|Bronce|117.jpg|Pellegrini 235|-27.450916,-58.982787||||
118|Uno y dos||Giangrande, Silvio|Argentina|Mármol|118.jpg|Peatonal Arturo Illía 63|-27.453234,-58.987758||||
119|Cabeza de Einstein|0-0-1999|Glorioso, Mauro|Argentina|Bronce|119.jpg|Frondizi 33|-27.452259,-58.985955|Premio Salón de Rosario|||
120|Maternidad||Glorioso, Mauro|Argentina|Cemento|120.jpg|Juan B. Justo 80|-27.452518,-58.986816||||
121|Y así van las cosas|19-7-1996|"Gómez, Raúl ""Pájaro"""|Argentina|Chapa |121.jpg|Av. Sarmiento 300 al 400|-27.448691,-58.983815||||
122|De la serie de las señales|19-7-1998|"Gómez, Raúl ""Pájaro"""|Argentina|Metal|122.jpg|Av. De los Inmigrantes 1001 - Museum|-27.437405,-58.980913|Premio de los Niños, premio Consalud - Gran Premio de Honor|||
123|Esperando nuevos vientos|00-12-2002|"Gómez, Raúl ""Pájaro"""|Argentina|Madera - Metal|123.jpg|Sala de Exposiciones Museum||Primer premio - Primera Trienal Nacional de Escultura en Madera|||
124|Transformación|26-6-1992|Gómez Lollo, Humberto|Argentina|Mármol|124.jpg|Peatonal Arturo Illía 1|-27.452735,-58.988125||||
125|Viento norte|0-8-1998|Gómez Lollo, Humberto|Argentina|Mármol travertino|125.jpg|Av. Sarmiento 783|-27.445056,-58.979773||||
126|Forma y espacio||Gómez Lollo, Humberto|Argentina|Madera|126.jpg|Ruta Nacional 11, Km 1003,5 - Aeropuerto Internacional Resistencia|-27.444775,-59.048783||||
127|Tecnolito|9-6-1997|Gonzalez Salazar, Miguel Angel|México|Mármol travertino|127.jpg|Colón 164|-27.455443,-58.984464|Primer premio - Segunda Trienal Americana de Escultura|||
128|Sin título|19-7-1998|Gonzalez Salazar, Miguel Angel|México|Granito|128.jpg|Av. De los Inmigrantes 1001 - Museum|-27.437253,-58.980484|Premio Nuevo Banco del Chaco - Gran premio de Honor|||
129|Desnudo||Grillo, Juan|Argentina|Bronce|129.jpg|Güemes 626|-27.447096,-58.98021||||
130|Máscara||Grillo, Juan|Argentina|Granito|130.jpg|Juan D. Perón 99|-27.451985,-58.989123||||
131|Emiliana||Guzanti Trías, Norma|Desconocido|Cemento|131.jpg|Remedios de Escalada 132|-27.447796,-58.987921||||
132|Cruces|19-7-1998|Heras Velazco, María Juana|Argentina|Metal|132.jpg|Av. De los Inmigrantes 1001 - Museum|-27.437267,-58.980578|Gran Premio de Honor|||
133|Formas continuas|0-0-1978|Iommi, Enio|Argentina|Bronce|133.jpg|Ruta Nacional 11, Km 1003,5 - Aeropuerto Internacional Resistencia|-27.444868,-59.048711||||
134|Adolfo Cristaldo|00-12-89|Jara, Ricardo|Argentina|Cemento|134.jpg|Av. Sarmiento 900 al 1000|-27.443866,-58.97844||||
135|Ronda por la unión americana||Jara, Ricardo|Argentina|Cemento|135.jpg|Vedia 180|-27.450916,-58.989895||||
136|Primeros pasos||Jara, Ricardo|Argentina|Cemento|136.jpg|Av. Paraguay 45|-27.447579,-58.981672||||
137|Crisol de razas||Jara, Ricardo|Argentina|Cemento|137.jpg|Parque 2 de Febrero|-27.439424,-58.984867||||
138|Recibiendo al sol|3-6-1997|Jiménez, Aquiles|Costa Rica|Mármol travertino|138.jpg|Entre Ríos 635|-27.443164,-58.98864||||
139|Maternidad||Jiménez, Luis|Argentina|Granito Reconstruido|139.jpg|Av. Sarmiento 655|-27.445965,-58.980929||||
140|Momento de Big Bang|29-7-1993|Johnson, Héctor|Argentina|Piedra|140.jpg|José Hernández 700|-27.451238,-58.974312||||
141|Chacohachasol|19-7-1998|Johnson, Héctor|Argentina|Metal|141.jpg|Av. De los Inmigrantes 1001 - Museum|-27.439681,-58.982723|Gran Premio de Honor|||
142|Mujer espacial|7-7-1978|Juárez, Lidia|Argentina|Cemento|142.jpg|Vedia 130|-27.450604,-58.989531||||
143|Mensaje del aire||Juárez, Lidia|Argentina|Hierro|143.jpg|Ruta Nacional 11, Km 1003,5 - Aeropuerto Internacional Resistencia|-27.444885,-59.048577||||
144|Santos Vega|29-5-1969|Juárez, Horacio|Argentina|Cemento|144.jpg|Güemes 160|-27.4507186166981,-58.984222412109375||||
145|Homenaje a Domingo Candia||Kasem, Salvador|Argentina|Piedra|145.jpg|Peatonal Juan D. Perón 99|-27.451921,-58.989061||||
146|Castigo|0-0-1961|Knopp, Naum|Argentina|Cemento|146.jpg|Juan D. Perón 123|-27.45173,-58.98937||||
147|Pareja en primavera|7-6-1981|Knopp, Naum|Argentina|Bronce|147.jpg|Pellegrini 219|-27.450978,-58.982844||||
148|Cosmogonía del agua|16-6-1969|Kósice, Gyula|Argentina|Acrílico|148.jpg|Arturo Illía 26 - Edificio Olivetti|-27.453099,-58.988053||||
149|Pas de deux|26-6-1999|Kuhnapfel, Thomas|Alemania|Metal|149.jpg|Av. De los Inmigrantes 1001 - Museum|-27.437979,-58.981014|Segundo premio - Primera Bienal Internacional de Escultura|||
150|Hipopótamo||Labourdette, Juan Carlos|Argentina|Granito|150.jpg|Av. Alberdi 201|-27.452839,-58.988273||||
151|Visión|4-7-1997|Lebrato, Aurelio|Uruguay|Mármol travertino|151.jpg|Entre Ríos 333|-27.445513,-58.985948||||
152|Tranquilidad|22-2-1962|Leguizamón Pondal, Gonzalo|Argentina|Mármol|152.jpg|Peatonal Arturo Illía 200|-27.4541579706238,-58.98651301860809|Primer Premio Salón Nacional 1918|||
153|Flor indígena|0-0-1978|Leguizamón Pondal, Gonzalo|Argentina|Cemento|153.jpg|Av. Sarmiento 800 al 900|-27.444811,-58.979494||||
154|Ondina del barroco||Lewy, Aroldo|Argentina|Bronce|154.jpg|Av. Sarmiento 284|-27.449002,-58.983895||||
155|Metamorfosis||Locasso, Rubén|Argentina|Cemento|155.jpg|Pueyrredón 2|-27.449519,-58.988144||||
156|Competencia|6-11-2013|Manuel Benitez|Argemtina|Madera|156.jpg|Av. Italia 1146|-27.446072343378955,-58.972012996673584||||
157|Pareja|0-0-1990|Macchi, Aurelio|Argentina|Bronce|157.jpg|Cordoba 766|-27.45090189293449,-58.974558832123876||||
158|Cabeza de Aldo Moro|14-7-1961|Marchese, Víctor|Argentina|Cemento|158.jpg|Av. Alberdi 285 - Club Social|-27.453375,-58.988906||||
159|Cabeza de Lynch Arribálzaga|1-9-1956|Marchese, Víctor|Argentina|Cemento|159.jpg|Av. San Martin 0 al 100|-27.455334,-58.98253||||
160|Fernando|28-1-1956|Marchese, Víctor|Argentina|Cemento recubierto en mosaico|160.jpg|Brown 350 - El Fogón de los Arrieros|-27.452444,-58.981808||||
161|Fernando|28-5-1963|Marchese, Víctor|Argentina|Bronce|161.jpg|Mitre 1|-27.450152,-58.987407||||
162|Cabeza de Juan de Dios Mena|4-4-1964|Marchese, Víctor|Argentina|Bronce|162.jpg|Frondizi 99|-27.452708,-58.986417||||
163|Tupac Amaru||Marchese, Víctor|Argentina|Madera|163.jpg|Ruta Nacional 11, Km 1003,5 - Aeropuerto Internacional Resistencia|-27.444887,-59.048416||||
165|El Naguel||Marino, Ricardo|Desconocido|Cemento|165.jpg|Arturo Illía 901|-27.459906,-58.980041||||
166|Bordoneando, Tango||Mártire, Francisco|Desconocido|Granito reconstituído|166.jpg|Av. Sarmiento 100 al 200|-27.449947,-58.985188||||
167|Místico|24-7-1995|Medina Ayllón, Juan María|España|Madera de urunday|167.jpg|Frondizi 30 - Zan-En S.R.L.|-27.452178,-58.985861|Premio del Público y Escultores - Primer Concurso Internacional de Escultura en Madera|||
168|Jasmín|28-7-1999|Modi, Mónica|Argentina|Mármol travertino|168.jpg|Mitre 141|-27.449162,-58.986206||||
169|Maternidad|0-0-1978|Monti, Alfredo|Argentina|Cemento|169.jpg|Ameghino 356|-27.457036,-58.986899||||
170|Poetisa||Monti, Alfredo|Argentina|Cemento|170.jpg|Pellegrini 272|-27.450631,-58.982377||||
171|Alfredo Pértile|00-12-89|Monzón, Jorge|Argentina|Cemento|171.jpg|Marcelo T. De Alvear 488|-27.446594,-58.989727||||
172|López Piacentini||Monzón, Jorge|Argentina|Cemento|172.jpg|Pellegrini 211|-27.451047,-58.982903||||
174|Génesis del Chaco|1-10-1962|Monsegur, Raúl|Argentina|Pidra, cemento, acetato de polivinilo|174.jpg|Plaza 25 de Mayo|-27.451962,-58.986168||||
175|Lobo de mar|31-10-1962|Isella de Motteau, Luisa Isabel|Argentina|Bronce|175.jpg|Peatonal Arturo Illía 101|-27.453537,-58.987235||||
176|La espera|19-7-1998|Nardi, Rodolfo|Argentina|Mármol travertino y metal|176.jpg|Av. De los Inmigrantes 1001 - Museum|-27.437548,-58.981683|Gran Premio de Honor|||
177|Forma y seducción||Nardi, Rodolfo|Argentina|Madera|177.jpg|Juan D. Perón  352 - Hotel Marconi|-27.449780808852324,-58.9911425113678|Primer premio - Quinto Concurso Nacional de Escultura en Madera|||
178|Flor de la Puna||Nevot, Antonio Miguel|Argentina|Bronce|178.jpg|Arturo Illía 633|-27.457578,-58.982669||||
179|Torito espacial||Nieto, Héctor|Argentina|Piedra|179.jpg|Av. San Martin 465|-27.458602,-58.98599||||
180|Serenidad||Nistal, Yan|Desconocido|Cemento|180.jpg|PellegrinI 755|-27.446777,-58.9783||||
181|La noche||Oriana, Antonio|Argentina|Cemento|182.jpg|Brown 543|-27.453856,-58.979829||||
182|Guanta no más|0-04-1997|Pacheco Enciso, Juan Ernesto|Perú|Mármol travertino|183.jpg|San Buenaventura del Monte Alto 1380|-27.433106,-58.983821||||
183|Cabeza de mujer||Pagés, Mariano|Argentina|Piedra|184.jpg|Arturo Illía 43|-27.453073,-58.987857||||
184|El mito indígena del fuego||Paladino, Constante|Desconocido|Cemento|185.jpg|Plazoleta Aldo y Efraín Boglietti|-27.445427,-58.978324||||
186|Intitulada|29-11-1996|Peralta, Daniel|Israel|Madera|186.jpg|Plaza 25 de Mayo|||||
187|Cabeza de canto al sol o El Calchaqui|10-8-1961|Perlotti, Luis|Argentina|Piedra reconstituida|187.jpg|Av. Italia 150|-27.453915,-58.980792||||
188|San Martín|14-7-1961|Perlotti, Luis|Argentina|Bronce|188.jpg|Av. Alberdi 200 al 300|-27.453365,-58.989045||||
189|Domingo Faustino Sarmiento||Perlotti, Luis|Argentina|Bronce|189.jpg|Av. Sarmiento 100 al 200|-27.450235,-58.98551||||
190|Busto de Paula Albarracín|0-0-1961|Perlotti, Luis|Argentina|Bronce|190.jpg|Plaza 25 de Mayo|-27.450686,-58.985794||||
191|Yolanda P. De Elizondo|15-7-1994|Pérez Bartolomé, Aída|España|Bronce|191.jpg|Dónovan 433|-27.451387,-58.993637||||
192|Empuje|6-10-1963|Pettoruti, Emilio|Argentina|Mosaico veneciano|192.jpg|Marcelo T. De Alvear 145 - Casa de Gobierno|-27.449202,-58.987369||||
193|Torso|18-8-1961|Pinnisi, Manuel|Argentina|Piedra reconstituida|193.jpg|Pueyrredón 226|-27.447872,-58.98629||||
194|Vuelo del Espíritu|1-7-2002|Fabriciano|Argentina|Mármol travertino y chapa naval|194.jpg|Av. Sarmiento 100 al 200|-27.449797,-58.985017||||
195|Columna ensanchándose en el centro|30-7-1999|Polacco, Ferruccio|Argentina|Acero inoxidable|195.jpg|Güemes 800|-27.445637,-58.978626||||
196|Madre nuestra|16-7-1999|Preminger, Tanya|Israel|Mármol travertino|196.jpg|Marcelo T. De Alvear 999|-27.442573,-58.994487|Premio Consalud - Primera Bienal Internacional de Escultura|||
197|Figura|14-7-1961|Puig, Vicente|Argentina|Piedra|197.jpg|Frondizi 1|-27.452047,-58.98569||||
198|Cabeza de mujer|10-7-1969|Puig, Vicente|Argentina|Mármol|198.jpg|Santa María de Oro 178|-27.451694,-58.989029||||
199|La Música||Pujía, Antonio|Argentina|Cemento|199.jpg|Juan B. Justo 42|-27.452327628841257,-58.9870548248291||||
200|Paysandú||Puyau, Amado|Argentina|Bronce|200.jpg|Pellegrini 148|-27.451704,-58.98345||||
201|Americano|27-7-1993|Quintana, Orlando|Argentina|Piedra|201.jpg|Av. Wilde 268|-27.445249,-58.988496||||
202|Familia||Reyes, Francisco|Argentina|Fibrocemento|202.jpg|Av. Belgrano 200|-27.448886,-58.992763||||
203|Los amantes|0-0-1978|Reyes, Francisco|Argentina|Cemento|203.jpg|Av. 9 de Julio 640|-27.456298,-58.98099||||
204|Maternidad||Reyes, Francisco|Argentina|Piedra reconstituida|204.jpg|Brown 351|-27.452309,-58.981576||||
205|Retoño||Reyes, Francisco|Argentina|Fibrocemento|205.jpg|Frondizi 175|-27.453261,-58.987063||||
206|Ofrenda||Reyes, Francisco|Argentina|Granito reconstituído|206.jpg|Juan B. Justo 153|-27.453087,-58.986008||||
207|Noemi||Reynal O´Connor, Rafael|Desconocido|Granito|207.jpg|José Maria Paz 181|-27.454105,-58.986259||||
209|Fuerza interior|19-7-1999|Ricardone, Víctor|Argentina|Piedra de Mar del Plata|209.jpg|Santa Fe 184|-27.448136,-58.986306||||
210|Eraclio Pérez||Ricardone, Víctor|Argentina|Cemento|210.jpg|Av. Sarmiento 800 al 900|-27.444049,-58.978633||||
211|Argentina 77||Riva, Luis|Argentina|Hierro|211.jpg|Av. Sarmiento 500 al 600|-27.446889,-58.981975||||
212|Década del 70||Riva, Luis|Argentina|Hierro|212.jpg|Av. Sarmiento 500 al 600|-27.446546,-58.981588||||
213|Lid|0-0-1978|Riva, Luis|Argentina|Chapa|213.jpg|Ruta Nacional 11, Km 1003,5 - Aeropuerto Internacional Resistencia|-27.444961,-59.048306||||
214|Rauda|0-0-1977|Riva, Luis|Argentina|Chapa|214.jpg|Ruta Nacional 11, Km 1003,5 - Aeropuerto Internacional Resistencia|-27.444932,-59.048172||||
215|De Ferrari palpita el cosmos|0-0-1976|Romano, Enrique|Argentina|Metal|215.jpg|Ruta Nacional 11, Km 1003,5 - Aeropuerto Internacional Resistencia|-27.445065,-59.048166||||
216|Cabeza de Jorge Newbery||Rodriguez, Leonardo|Argentina|Bronce|216.jpg|Av. Alberdi 282|-27.453334,-58.988868||||
217|Remolino catódico|22-6-1999|Romeo, Jorge|Italia|Mármol travertino|217.jpg|José Maria Paz 434|-27.456038,-58.988567||||
218|Maternidad||Rosemberg, Lucrecia|Argentina|Granito reconstituido|218.jpg|San Lorenzo 190|-27.458004,-58.98205||||
219|Ternura||Rosas, Betty|Argentina|Cerámica|219.jpg|Frondizi 141|-27.453096,-58.986878||||
220|Entrega||Rosas, Betty|Argentina|Cerámica|220.jpg|Pellegrini 246|-27.450842,-58.982576||||
221|Maternidad||Rosso, Mario|Desconocido|Granito|221.jpg|Brown 350 - El Fogón de los Arrieros|-27.452373,-58.981672||||
222|El colono||Rovatti, Luis|Argentina|Cemento|222.jpg|Av. Sarmiento y Av. Paraguay|-27.447215,-58.982184||||
223|Adolescentes||Saggese, Marta|Desconocido|Piedra reconstituida|223.jpg|Lopéz y Planes 667|-27.448222,-58.978169||||
224|Madre||Saggese, Marta|Desconocido|Cemento|224.jpg|Pellegrini 168|-27.451552,-58.9833||||
225|Mediodía|27-10-1961|San Luis, Nicolás de (Russo, Nicolás Antonio)|Argentina|Bronce|225.jpg|Av. Alberdi 100|-27.452028,-58.98753||||
226|La loba||Sassone, Antonio|Argentina|Fibrocemento|226.jpg|Juan D. Perón 308|-27.450204,-58.990971||||
227|Artista en descanso||Scalisi, Armando|Desconocido|Cemento|227.jpg|Pueyrredón 139|-27.448471,-58.987152||||
228|Mujer de campo|23-12-1999|Scarano, Raúl|Argentina|Mármol|228.jpg|Av. Lavalle 415|-27.441781,-58.98319||||
229|Hacherito|10-8-1961|Schenone, Carlos|Argentina|Madera de quebracho colorado|229.jpg|Brown 207|-27.45123,-58.982793||||
230|Cacique Joven|3-8-1956|Schenone, Carlos|Argentina|Madera de quebracho colorado|230.jpg|Plaza 25 de Mayo|-27.451399,-58.985882||||
231|Columna ritual|17-6-1997|Secretan, Francine|Bolivia|Mármol travertino|231.jpg|Frondizi 980|-27.459618,-58.994311||||
232|Pez guerrero|0-0-1991|Sedlacek, Wenceslao|Argentina|Bronce|232.jpg|Mitre 298|-27.447325,-58.983978||||
233|Conexión||Soans, Jaak|Estonia|Metal|233.jpg|Av. De los Inmigrantes 1001 - Museum|-27.437584,-58.981318|Premio Nuevo Banco del Chaco - Primera Bienal Internacional de Escultura|||
234|Toro||Solis, Manuel|Argentina|Acero modelado|234.jpg|Ruta Nacional 11, Km 1003,5 - Aeropuerto Internacional Resistencia|-27.445054,-59.048392||||
235|Adelfa||Solis, Manuel|Argentina|Acero modelado|235.jpg|Ruta Nacional 11, Km 1003,5 - Aeropuerto Internacional Resistencia|-27.444977,-59.048469||||
236|En busca del sol|19-7-1998|Sotelo, Walter|Argentina|Granito y metal|236.jpg|Av. De los Inmigrantes 1001 - Museum|-27.437560015367378,-58.98170423693955|Gran Premio de Honor|||
237|Trascendencia|0-0-1983|Sotelo, Walter|Argentina|Cemento|237.jpg|Los Hacheros 226|-27.460839,-58.979665||||
238|Figura||Sotelo, Walter|Argentina|Madera de algarrobo|238.jpg|Ruta Nacional 11, Km 1003,5 - Aeropuerto Internacional Resistencia|-27.444989,-59.048625||||
239|Danza||Suárez Marsal, Enrique||Piedra Reconstruida|239.jpg|Marcelo T. De Alvear 128|-27.449229,-58.986787||||
240|Maternidad||Svetlich, Oscar||Granito Reconstruido|240.jpg|Av. Wilde 30|-27.447077,-58.990598||||
242|Conciencia de la humanidad||Teeuwen, Roel|Holanda|Madera|242.jpg|Sala de Exposiciones Museum|||||
243|Tres torsos|0-0-1978|Tidone, Sepuccio|Argentina|Cemento|243.jpg|Dónovan 420|-27.451311,-58.993561||||
244|El Yupay||Toledo Guma, Nilda||Mármol reconstituido|244.jpg|Cangallo 636|-27.450645,-58.998123||||
245|(Los inmigrantes), Chaco Naciente|2-2-1978|Torre, Eddie|Argentina|Chapa|245.jpg|Av. Avalos y Av. Lavalle|-27.438526,-58.986575||||
246|General José María Paz|30-8-1985|Torre, Eddie|Argentina|Chapa batida|246.jpg|"Av. 9 de Julio 640 - E.N.S 76 ""José M. Paz"""|-27.456236,-58.981205||||
247|El Quijote|12-10-1980|Torre, Eddie|Argentina|Cemento- Metal|247.jpg|Plaza España|-27.457647,-58.986543||||
248|Maternidad||Vaira, Celestino||Cemento|248.jpg|Roque Saenz Peña 240|-27.455312,-58.986095||||
249|Madre e hijo||Vaira, Celestino||Cemento|249.jpg|Av. Italia 1265|-27.445042,-58.971228||||
250|Ausencia||Valderrey, Enrique|Argentina|Cemento|250.jpg|Córdoba 673|-27.450795,-58.974513||||
251|De la calle|7-6-1981|Valderrey, Enrique|Argentina|Cemento|251.jpg|Pellegrini 230|-27.450988,-58.982739||||
252|Figura||Valderrey, Enrique|Argentina|Cemento|252.jpg|Av. Sarmiento 600 al 700|-27.446327,-58.981216||||
253|Las puertas del alma|20-10-1999|Vallone, Susana|Argentina|Mármol travertino|253.jpg|Brown 282|-27.451761,-58.982418||||
254|Figura en la playa|27-10-1961|Vanz, Eros Rubén|Argentina|Cemento|254.jpg|Peatonal Arturo Illía 199|-27.45412,-58.986551||||
255|La amistad||Vanzo, Julio|Argentina|Mosaico veneciano|255.jpg|Brown 350 - El Fogón de los Arrieros|-27.45248,-58.981843||||
256|Homenaje a una primavera||Vega, Selva|Argentina|Cemento|256.jpg|Av. Sarmiento 200 al 300|-27.448907,-58.984048||||
257|Busto de Brown||Vergottini, Julio César|Argentina|Cemento|257.jpg|Av. Sarmiento 200 al 300|-27.449509,-58.984668||||
258|Raza madre||Vergottini, Julio César|Argentina|Bronce|258.jpg|Av. 9 de Julio 100|-27.452018,-58.985564||||
259|La conquista del monte||Vergottini, Julio César|Argentina|Bronce|259.jpg|Av. 9 de Julio 100|-27.45203,-58.985518||||
260|La ocupación de la tierra||Vergottini, Julio César|Argentina|Bronce|260.jpg|Av. 9 de Julio 100|-27.451987,-58.985572||||
261|La cosecha del algodón||Vergottini, Julio César|Argentina|Bronce|261.jpg|Av. 9 de Julio 100|-27.451997,-58.985529||||
262|Impulso vital|30-6-1999|Verhelst, Eric|Bélgica|Mármol travertino|262.jpg|Pellegrini 316|-27.450274,-58.981953|Tercer premio - Primera Bienal Internacional de Escultura|||
263|Dimensión|8-7-1997|Vildoza, Néstor|Argentina|Mármol travertino|263.jpg|Marcelo T. De Alvear 750|-27.444501,-58.992119||||
264|Natural|00-12-2002|Vildoza, Néstor|Argentina|Madera|264.jpg|Av. De los Inmigrantes 1001 - Museum|-27.436951,-58.981409|Segundo premio - Primera Trienal Nacional de Escultura en Madera|||
265|Caribe|23-6-1997|Villa Soberón, José|Cuba|Mármol travertino|265.jpg|Av. Vélez Sárfield 41|-27.456962,-58.97921|Tercer premio - Segunda Trienal Americana de Escultura|||
266|Habanera|19-7-1998|Villa Soberón, José|Cuba|Mármol travertino y metal|266.jpg|Av. De los Inmigrantes 1001 - Museum|-27.437498,-58.981589|Gran Premio de Honor|||
267|Nexo interior||Vinci, Leo|Argentina|Piedra reconstituida|267.jpg|Ruta Nacional 11, Km 1003,5 - Aeropuerto Internacional Resistencia|-27.444908,-59.048848||||
268|Liberación de la forma|0-06-1997|Viracocha Quispe, Luis Alberto|Ecuador|Mármol travertino|268.jpg|Remedios de Escalada 610|-27.44407,-58.983702||||
269|Centauro||Viola, Roberto|Argentina|Bronce|269.jpg|Av. 9 de Julio 236|-27.453035,-58.98458||||
270|Tiempo|19-7-1998|Vivern, Alfi|Brasil|Mármol travertino|270.jpg|Av. De los Inmigrantes 1001 - Museum|-27.437412,-58.981466||||
271|Mujer||Vozzo, Hilario|Argentina|Cemento|271.jpg|Av. Sarmiento 700 al 800|-27.445563,-58.980336||||
272|Joven||Zonza Briano, Pedro|Argentina|Bronce|272.jpg|Lopéz y Planes 247|-27.451516,-58.981814||||
273|Post Guerra||Andina, Emilio|Argentina|Bronce|273.jpg|Av. Paraguay 65|-27.447646,-58.981597||||
274|Mariscal Francisco Solano López|14-5-1974|Desconocido||Cemento|274.jpg|Av. Italia 500|-27.451104,-58.977801||||
275|Busto del General San Martín||Desconocido||Bronce|275.jpg|Brown 520|-27.453734,-58.980162||||
276|Bocha|0-0-1978|Bronge||Bronce|276.jpg|Dónovan 421 - Plaza 9 de Julio|-27.451328,-58.993784||||
277|Dante Alighieri|27-10-1983|Desconocido||Bronce|277.jpg|Arturo Illía 912|-27.460058,-58.980068||||
278|General San Martín||Desconocido||Bronce|278.jpg|Plaza 25 de Mayo|-27.451128,-58.986557||||
279|General Dónovan|0-0-1910|Desconocido||Bronce|279.jpg|Plaza 25 de Mayo|-27.450073,-58.986641||||
280|Guemes||Sanchez, Juan de María|Argentina|Cemento|280.jpg|Plaza 25 de Mayo|-27.451609,-58.985859||||
281|Cabeza de Alberdi|26-8-1982|Desconocido||Bronce|281.jpg|Plaza 25 de Mayo|-27.451803,-58.987061||||
282|Hipólito Yrigoyen|00-07-1998|Desconocido||Cemento|282.jpg|Plaza 25 de Mayo|-27.450914,-58.985565||||
283|La loba romana|20-9-1920|Desconocido||Piedra|283.jpg|Plaza 25 de Mayo|-27.451338,-58.985538||||
284|Venus||Callgrain||Mármol reconstituído|284.jpg|Plaza 25 de Mayo|-27.451603,-58.986778||||
285|Dorrego||Desconocido||Cemento|285.jpg|Plaza 12 de Octubre|-27.444162,-58.986561||||
286|Cazador ó Conderies D´Art Luval D´Osne||Hamar, F.|Francia|Hierro fundido|286.jpg|Plaza 25 de Mayo|-27.451723,-58.986385||||
287|Monumento al General San Martín||Tommasi, Leone|Italia|Mármol|287.jpg|Ruta Nacional 11, Km 1003,5 - Aeropuerto Internacional Resistencia|-27.44493,-59.024104||||
288|General José de San Martín||Mariscal, José||Cemento|288.jpg|Marcelo T. De Alvear 145 - Casa de Gobierno|-27.44911,-58.987269||||
289|Juan Manuel de Rosas|20-11-1973|Gómez Lollo, Humberto|Argentina|Cemento|289.jpg|Plaza 9 de Julio|-27.451076,-58.994434||||
290|Monumento al General Belgrano||Desconocido||Bronce|290.jpg|Plaza Belgrano|-27.450357,-58.97961||||
291|Madre Patria||Tommasi, Leone||Mármol|291.jpg|Av. 9 de Julio y Av. España|-27.483001,-58.950451||||
292|La guitarra del Tío Julio||Oplanich, Adriana|Argentina|Cemento|292.JPG|Av. Velez Sarfiel 100|-27.456474,-58.978386||||
293|Encuentro|00-10-2000|Fabriciano|Argentina|Metal|293.JPG|José Hernández 1800 al 1900|-27.44134,-58.963524||||
294|Pareja en la ventana|00-08-2003|Fabriciano|Argentina|Mármol travertino y granito|294.JPG|Cacique Ñaré 111|-27.434903,-58.981015||||
295|Burocracia II||Cabrera Castillo, Dolores|Argentina|Madera|295.JPG|Av. De los Inmigrantes 1001 - Museum|-27.436932,-58.981474|Primer premio - Sexto Concurso Nacional de Escultura en Madera|||
296|Eva Peron|29-6-2001|Alfredo Secreto||Bronce|296.JPG|Plaza 25 de Mayo|-27.451221,-58.987816||||
297|Homenaje a ex-combatientes de Malvinas||Fabriciano|Argentina|Granito - Marmol|297.JPG|Plaza 25 de Mayo|-27.452299,-58.986671||||
298|Busto del Gral. Don José de San Martín|17-8-2000|Desconocido||Cemento|298.JPG|Av. Rivadavia 226|-27.445406,-58.984059||||
299|Juego envolvente|20-12-1999|Polacco, Ferruccio|Argentina|Acero inoxidable|299.JPG|Av. Sarmiento y ruta Nicolas Avellaneda|-27.421921,-58.957296||||
300|Cuando cantaba el N`viké|11-7-1997|Eidman, Mimo|Argentina|Metal|300.JPG|Av. Sarmiento y ruta Nicolas Avellaneda|-27.421433,-58.957765||||
301|Espiritu Santo||Anónimo||Piedra roja|301.JPG|Brown 350 - El Fogón de los Arrieros|-27.45237,-58.981725||||
302|Tensión||Torre, Eddie|Argentina|Mosaico y cemento blanco, negro y gris.  Sobre relieve|302.JPG|Brown 350 - El Fogón de los Arrieros|-27.452463,-58.981728||||
303|Abatimiento|0-0-1978|Riva, Luis|Argentina|Chapa|303.JPG|Ruta Nacional 11, Km 1003,5 - Aeropuerto Internacional Resistencia|-27.444789,-59.048901||||
304|Beirut|00-11-2000|Basbous, Anachar|Líbano|Mármol travertino|304.JPG|Av. Lavalle 599|-27.44034,-58.984791||||
305|Dr. Perrando||Schenone, Carlos|Argentina|Madera|305.JPG|Av. 9 de Julio 1101 - Hospital Julio C. Perrando|-27.45952,-58.976562||||
306|Composición||Macchi, Aurelio|Argentina|Piedra reconstituida|306.JPG|Brown 350 - El Fogón de los Arrieros|-27.45243,-58.981768||||
307|La Ramona||Dominguez, Lorenzo||Piedra roja|307.JPG|Brown 350 - El Fogón de los Arrieros|-27.452399,-58.981683||||
309|Amantes||Fabriciano|Argentina|Madera|309.JPG|Marcelo T. De Alvear 145 - Casa de Gobierno|-27.449293,-58.987286||||
310|El pan||Sotelo, Walter|Argentina|Madera|310.JPG|Frondizi 399|-27.455031,-58.988968||||
311|Tanino||Arena, Domingo|Argentina|Madera|311.JPG|Marcelo T. De Alvear 145 - Casa de Gobierno|-27.449381,-58.987194||||
312|Sobrerrelieve de Juan B. Justo||Desconocido||Bronce|312.JPG|Juan B. Justo 10|-27.452126,-58.987274||||
313|Sonido del tiempo|0-0-2001|Fabriciano|Argentina|Metal y Resina|313.JPG|Sgto. Cabral y San Francisco Solano - Parque Ecológico Villa Prosperidad|-27.451263,-58.970455||||
314|Busto de Eva Duarte de Peron||Desconocido||Cemento|314.JPG|Av. Alberdi 200|-27.45259420846807,-58.98815184831619||||
315|Busto de Juan Domingo Peron||Desconocido||Cemento|315.JPG|Av. Alberdi 200|-27.452575167087513,-58.98817598819733||||
316|Cabeza de Aldo||Reyes, Francisco|Argentina|Bronce|316.JPG|Brown 350 - El Fogón de los Arrieros|-27.452373,-58.981774||||
317|Figura Abstracta||Marchese, Víctor|Argentina|Madera|317.JPG|Brown 350 - El Fogón de los Arrieros|-27.452435,-58.981707||||
318|Homenaje a Trento - Encuentros II||Fabriciano|Argentina|Cemento- Marmol |318.JPG|Av. Avalos 520|-27.440788,-58.988847||||
319|||Torre, Eddie|Argentina|Chapa batida|319.JPG|Marcelo T. De Alvear 145 - Casa de Gobierno|-27.449162,-58.987426||||
320|Despojamiento Cortical||Torre, Eddie|Argentina|Chapa batida|320.JPG|Marcelo T. De Alvear 84 - Casa de las Culturas |-27.449619,-58.986132||||
321|Límite|4-11-1961|Pilone, Alberto||Cemento sobre estructura de hierro|321.JPG|Brown 350 - El Fogón de los Arrieros|-27.452394,-58.981808||||
322|Figura en movimiento||Arena, Domingo|Argentina|Madera|322.JPG|Marcelo T. De Alvear 145 - Casa de Gobierno|-27.449859,-58.987256||||
323|Mellizos||Litwiniuk, Ryszard|Polonia|Mármol travertino|323.JPG|Eva Peron 145 - Bº Mujeres Argentinas/ Centro Comercial|-27.462967,-58.948153|Premio del Fondo Nacional de las Artes|||
324|Yolanda De Elizondo|0-11-1989|Monzón, Jorge|Argentina|Cemento|324.JPG|Roque Saenz Peña 276|-27.455546,-58.986315||||
325|Navegando el Alma||Tufan, Kemal|Turquía|Mármol travertino|325.JPG|Av. Alberdi 462|-27.454741,-58.990451|Segundo premio - Bienal de Escultura|||
326|Modelando||Medina, Ana María|Argentina|Cemento|326.JPG|Av. Belgrano 36|-27.447429,-58.991306||||
327|Instante en la vida de una mujer||Susana Díaz|Argentina|Cemento|327.JPG|Saavedra 741|-27.452218,-58.974846||||
328|Entrada y salida de Jerusalem||Brown, Igor|Rusia|Mármol travertino|328.JPG|Av. Laprida 410|-27.448015,-58.975747|Premio Tel Cel - Primera Bienal Internacional de Escultura|||
329|Paco||Oplanich, Adriana|Argentina|Cemento|329.JPG|Arturo Illía 626|-27.457626,-58.982822||||
330|La Ilusion||Vallone, Susana|Argentina|Recina|330.JPG|Av. 25 de Mayo 473|-27.447589,-58.99069||||
331|Sube y baja con dos perros||Smidt, Pablo|Argentina|Madera y resina|331.JPG|Av. De los Inmigrantes 1001 - Museum|-27.436977,-58.981556||||
332|Homenaje a…||Fabriciano|Argentina|Mármol travertino|332.JPG|Av. Laprida 222 - Veterinaria Corsi|-27.446675,-58.977627||||
333|Busto del Almirante Guillermo Brown||Vergottini, Julio César||Bronce|333.JPG|Miguel Cané 480 - Escuela de Comercio Nº 1/ C.E.P Nº 72 Almirante Brown (Barranqueras)|-27.487917,-58.936297||||
334|Gral. Enrique Luzuriaga ||Acosta, Miguel Angel|Argentina|Cemento|334.JPG|Av. Alberdi 400 al 500|-27.454886,-58.990743||||
335|Sin título|20-12-2000|Pruden, Kalle Priit|Estonia|Metal|335.JPG|Av. Chaco 1650 - Bº Italo Argentino|-27.47656,-58.987863||||
336|Esencias|0-0-2009|Adriana Oplanich|Argentina|Cemento|336.JPG|Echeverria 765|-27.452351,-58.998481||||
337|Victoria|16-7-2000|Sandonato, Aurelio|Canadá|Madera de urunday|337.JPG|Santa María de Oro 143|-27.451545,-58.988686|Premio Cámara de Diputados - Primer Concurso Trienal Internacional de Escultura en Madera|||
338|No dispares tu misil||Johnson, Héctor|Argentina|Madera|338.JPG|Lopéz y Planes 165 - Jardín de Arte|-27.452223,-58.982595|Primer Premio y mención de los Escultores - Cuarto Concurso Nacional de Escultura en Madera|||
339|Testimonio|7-12-2001|Fabriciano|Argentina|Chapa|339.JPG|La Cangayé 227|-27.43971,-58.995437||||
340|Caminos de la nieve|21-12-2001|Lestander, Dan|Suecia|Mármol|340.JPG|Av. Laprida y Güemes|-27.445505,-58.978683|Primer Premio - Bienal de Escultura 2000|||
341|Integración||Pistilli, Hugo|Paraguay|Madera|341.JPG|DMRE|||||
342|Xanna||Bustos Navarro, Carlos|Argentina|Cemento|342.JPG|Güemes 530|-27.447788,-58.98093||||
343|Construcción progresiva|28-7-2002|Romano, Enrique|Argentina|Metal|343.JPG|Av. De los Inmigrantes 1001 - Museum|-27.436822,-58.982201||||
344|Las tres gracias|28-7-2002|Costa, Salvador|Argentina|Madera|344.JPG|DMRE|||||
345|Pareja en primavera||Fabriciano|Argentina|Mármol|345.JPG|Saavedra 235 - Residencia del Gobernador|-27.448238,-58.979124||||
346|Inter Temporis|13-7-2005|Francini, Bettino|Italia|Metal|346.JPG|Av. De los Inmigrantes 1001 - Museum|-27.436744,-58.981318||||
347|Familia||Fabriciano|Argentina|Mármol travertino|347.JPG|Colón 735|-27.460106,-58.989506||||
348|Brayle||Desconocido||Cemento|348.JPG|Av. Belgrano 1099|-27.455829,-59.000289||||
349|Equus - Cabeza de caballo|00-09-2000|Bertedor, Ernesto|Argentina|Madera|349.JPG|Plazoleta René Favaloro|-27.433746,-58.979965||||
350|El pensador||Díaz, Susana|Argentina|Cemento|350.JPG|Av. Lavalle 595|-27.440409,-58.984724||||
351|Ondulación||Verhaghe, Bernard||Mármol travertino|351.JPG|Córdoba 198|-27.447167,-58.978826|Premio del público - Bienal de Escultura|||
352|Bosque|31-12-2000|Inoue, Baku|Japón|Mármol travertino|352.JPG|Av. De los Inmigrantes 1001 - Museum|-27.437693,-58.981122|Segundo Premio - Bienal de Escultura|||
353||31-12-2000|Favaretto, Forner|Argentina|Chapa|353.JPG|Taller Fabriciano|||||No se encuentra accesible
354|Meditación|00-09-2000|Cabrera Castillo, Dolores|Argentina|Piedra|354.JPG|Plazoleta Rene Favaloro|-27.433853,-58.979668||||
355|Alas de libertad ||Benitez, Manuel|Argentina|Madera|355.JPG|Av. De los Inmigrantes - Rambla de las esculturas||Se retirará de la Rambla|||
356|Arbol y tormenta||Villalobos Sandoval, Enrique|Chile|Madera|356.JPG|Av. De los Inmigrantes - Rambla de las esculturas|-27.43996,-58.98304||||
357|En Busca de Nuevos Horizontes||Farias Nicchi, Gabriela|Argentina|Cemento|357.JPG|Peatonal Juan D. Perón 199|-27.451223,-58.989938||||
358|Madre/esposa 4519||Diaz Navarro, Carlos|Argentina|Madera|358.JPG|Juan D. Perón 352, Hotel Marconi|-27.449966,-58.991282|Segundo Premio - Segundo Concurso Nacional de Escultura en Madera|||
359|Semilla del desierto||Tulian, Chalo|Argentina|Madera|359.JPG|Av. De los Inmigrantes - Rambla de las esculturas|-27.43999,-58.983075|Tercer Premio - Cuarto Concurso Nacional de Escultura en Madera|||
360|Hombre||Alvarez Lomba, Arturo|Argentina|Madera|360.JPG|Av. Sarmiento 200 al 300|-27.449071,-58.984228|Segundo Premio - Tercer Concurso Nacional de Escultura en Madera|||
361|Ruptura||Alvarez Lomba, Arturo|Argentina|Madera|361.JPG|DMRE||Segundo Premio - Primer Concurso Americano de Escultura en Madera|||
362|Gestación||Avalos Cussi, Aguedo|Argentina|Madera|362.JPG|Roque Saenz Peña 180|-27.454677,-58.985336|Tercer Premio|||
363|Desgarramiento||Gamarra, Jorge|Argentina|Madera|363.JPG|DMRE||Primer Premio - Primer Concurso Trienal Internacional de Escultura en Madera|||
364|Esencia de vida|28-7-2002|Ayala Hornung, Roberto|Paraguay|Madera|364.JPG|DMRE|||||
365|Principio|20-12-2011|Galicer, Jorgelina|Argentina|Madera|365.JPG|"Barrio España - EEP N° 383 ""Mtra.Enriqueta Mohando de Solimano"""|-27.442711,-59.016814||||
366|URSS|28-7-2002|Valdez, Francisco|Argentina|Madera|366.JPG|French 555 - AMUDOCH|-27.449833,-58.97826|Premio Cámara de Diputados y Premio de Escultores - Quinto Concurso Nacional de Escultura en Madera|||
367|Idolo femenino|28-7-2002|De la Fuente, Ana María|Perú|Madera|367.JPG|Av. De los Inmigrantes - Rambla de las esculturas|-27.439112,-58.982015||||
368|Nacimiento|28-7-2002|Amado Araujo, Marli|Brasil|Madera|368.JPG|DMRE|||||
369|Esperando el amanecer|28-7-2002|Bustillos, Juan|Bolivia|Madera de urunday|369.JPG|DMRE||Premio de Escultores - Primer Concurso Trienal Internacional de Escultura en Madera|||
370|Ensimismado|28-7-2002|Pistilli, Hugo|Paraguay|Madera|370.JPG|DMRE||Mención - Primer Concurso Trienal Internacional de Escultura en Madera|||
371|La tarde|28-7-2002|Gonzalez, Arturo Jacinto|Argentina|Madera|371.JPG|DMRE||Segundo - Primer Concurso Nacional de Escultura en Madera|||
372|Activador|28-7-2002|"Gómez, Raúl ""Pájaro"""|Argentina|Metal|372.JPG|Av. De los Inmigrantes 1001 - Museum|-27.436113,-58.981991||||
373|Cristo hachero|28-7-2002|Jiménez, Pedro|Argentina|Madera|373.JPG|DMRE|||||
374|Hermandad|22-8-2002|Shiroma, Aldo|Perú|Madera y chapa|374.JPG|Sala de Exposiciones Museum||Segundo Premio - Bienal del Chaco 2002|||
375|Resurrección|20-8-2002|Gonzalez de Nava, Enrique|Argentina|Madera y chapa|375.JPG|Av. Laprida y López y Planes|-27.447286,-58.976787||||
376|Sol de solidaridad|20-8-2002|Rocha, Marco Antonio|Brasil|Madera y chapa|376.JPG|Av. De los Inmigrantes - Rambla de las esculturas|-27.438243,-58.981246|Premio Osde - Bienal del Chaco 2002|||
377|Redes 21|23-8-2002|Fischer, Daniel|Argentina|Acero inoxidable|377.JPG|Av. Sarmiento 2800|-27.425766,-58.959868||||
378|Urunday 1994|19-5-2003|Medina, Carlos|Venezuela|Madera|378.JPG|Obligado 211 - Hotel Royal|-27.45511,-58.987095||||
379|Sol|5-10-2002|Lievore, Vicent|Francia|Mármol travertino|379.JPG|Roque Saenz Peña 370|-27.45632,-58.987152|Premio Fundación Andreani - Bienal del Chaco 2000|||
380|Hacia nuestro origen|29-10-2002|Gómez Lollo, Humberto|Argentina|Madera|380.JPG|Colón 234 - Policía Federal Argentina|-27.456014,-58.985193|Tercer Premio - Primer Concurso Nacional de Escultura en Madera|||
381|Urk (grito de un ave lejana)|11-3-2003|De La Cruz, Alejandro|Argentina|Madera|381.JPG|Av. San Martin 1040 - Dirección de Tránsito|-27.46325,-58.991462||||
382|El reloj|14-12-2002|Kohnen, Hans|Holanda|Mármol travertino|382.JPG|Ruta Nicolas Avellaneda y Av. Sarmiento|-27.421526,-58.954375||||
383|Un sueño|17-12-2002|Clotet, Montse Gonzalo|España|Madera|383.JPG|Av. Avalos 1085 - Club de Regatas Resistencia|-27.436103,-58.984512||||
384|Composición|17-12-2002|Lopez Meliton, Carlos|Perú|Madera|384.JPG|Av. Avalos 1085 - Club de Regatas Resistencia|-27.436172,-58.984656||||
385|Entre cosas olvidadas|17-12-2002|Sotelo, Walter|Argentina|Madera|385.JPG|Sala de Exposiciones Museum||Primer Premio - Tercer Concurso Nacional de Escultura en Madera|||
386|Intuición|19-12-2002|Gangolf, Serge|Bélgica|Madera|386.JPG|Sala de Exposiciones Museum||Primer Premio - Segundo Concurso Internacional de Escultura en Madera|||
387|Hojas de urunday|23-12-2002|Morales Rossi, Ramón|Venezuela|Madera y Hierro|387.JPG|Av. Hernandarias 249 - Hotel Atrium|-27.447048,-58.995391||||
388|Columna para Resistencia|23-12-2002|Medina, Carlos|Venezuela|Madera|388.JPG|DMRE||Premio de Escultores - Primer Concurso Americano de Escultura en Madera|||
389|Esfuerzos compartidos|19-12-2002|Fabriciano y Mimo Eidman|Argentina|Mármol travertino y acero|389.JPG|Lopéz y Planes 555|-27.449124,-58.97918||||
390|Cabeza|27-12-2002|Tidone, Sepuccio|Argentina|Cemento|390.JPG|Av. Alberdi 475|-27.454782,-58.990515||||
391|En vuelo final|27-12-2002|Johnson, Héctor|Argentina|Madera|391.JPG|DMRE||Tercer Premio - Segundo Concurso Nacional de Escultura en Madera|||
392|Totem|27-12-2002|Dompé, Hernán|Argentina|Madera|392.JPG|Güemes 200 - Hotel Covadonga|-27.450584,-58.983902|Primer Premio - Primer Concurso Nacional de Escultura en Madera|||
393|Seducción II|27-12-2002|Nardi, Rodolfo|Argentina|Madera|393.JPG|Av. Las Heras 95 - Dirección General de Rentas||Segundo Premio - Cuarto Concurso Nacional de Escultura en Madera|||
394|Destrucción del Edén II||Ferrer, Francisco|Argentina|Madera|394.JPG|Av. Laprida y Av. Sarmiento - Colegio Lino Torres|-27.444485,-58.979467|Segundo Premio - Quinto Concurso Nacional de Escultura en Madera|||
395|Con los pies en la tierra y la nariz en el cielo|00-12-2002|Skubich, Roger|Francia|Madera de urunday|395.JPG|DMRE||Premio del Público y de los Niños - Segundo Concurso Internacional de Escultura en Madera|||
396|Estructura para una idea||Sastre, Melquiades|Puerto Rico|Madera|396.JPG|Av. Laprida y Av. Sarmiento - Colegio Lino Torres|-27.44443,-58.979432||||
397|Soldado de corazón|00-12-2002|Higa, Haroldo|Perú|Madera de cedro colorado misionero|397.JPG|Ruta Nicolas Avellaneda - Hotel Del Pomar|-27.42974,-58.939459||||
398|Ola|00-09-2000|Valdéz, Francisco|Argentina|Piedra|398.JPG|Plazoleta René Favaloro|-27.433777,-58.97974||||
399|Sirena del amanecer|30-12-2002|Gerdes, Rosemary|Argentina|Cemento|399.JPG|Pueyrredón 820|-27.443022,-58.9809||||
400|Cara o cruz|31-12-2002|Warwick, Mark|U.S.A.|Mármol travertino|400.JPG|Av. De los Inmigrantes 1001 - Museum|-27.437339,-58.980706||||
401|Después de la masacre de…||Fabriciano|Argentina|Madera y metal|401.JPG|Julio A. Roca 1741|-27.438048,-59.00328||||
402|||Bancalari, Andres|Argentina|Cemento|402.JPG|Frondizi 1014|-27.459972,-58.994718||||
403|Victoria||Cortéz, Juan Carlos|Argentina|Metal|403.JPG|Peatonal Arturo Illía 97|-27.453465,-58.98742||||
404|Puerta de los cielos|1-4-2003|De Bueno, Oscar|Argentina|Hierro, acero, quebracho y piedra|404.JPG|Av. Sarmiento 700|-27.445791,-58.980591||||
405|Mama quilla|19-5-2003|Cisterna, Jorge|Argentina|Madera|405.JPG|Güemes 200|-27.450535,-58.983837|Premio de Escultores, Segundo Concurso Nacional de Escultura en Madera|||
406|Unión|00-12-2000|Mariano Vilella|España|Mármol travertino|406.JPG|Pellegrini 499|-27.44895,-58.980435||||
407|Los Dueños de la Tierra|10-10-2003|Mimo Eidman|Argentina|Madera y hierro|407.JPG|Monteagudo 695|-27.450404,-58.975288||||
408|Opresión|00-08-2000|Acosta, Miguel Angel|Argentina|Mármol travertino -  Hierro|408.JPG|Franklin 2100, EGB Nº 706|-27.472929,-58.972549|Tercer Premio, Bienal de Escultura.|||
409|Almafuerte||Blotta, Erminio|Argentina|Bronce|409.JPG|Brown 350 - El Fogón de los Arrieros|-27.452397,-58.981728||||
410|Sin Titulo|17-12-2012|Zulema Adaime|Argentina|Hierro|410.JPG|Dónovan 368|-27.450866,-58.993122||||
411|El Guardián|14-1-2004|Abt, David|Argentina|Chapa|411.JPG|Padre Cerqueira 115|-27.44338,-58.997443||||
412|San Alfonso||Desconocido|Desconocido|Cemento|412.JPG|Av. Italia 1401|-27.44409,-58.969975||||
413|Columnas||Fabriciano|Argentina|Marmol Travertino|413.JPG|Julio A. Roca 1741|||||No se encuentra accesible
414|Equilibrio Diagonal I||Fabriciano|Argentina|Desconocido|414.JPG|Julio A. Roca 1741|-27.438091,-59.00333||||
415|Amanecer en el río|00-00-1999|Fabriciano|Argentina|Metal|415.JPG|Concepción del Bermejo 1353|-27.432716,-58.984585||||
416|City|24-4-2008|Russu, Liviu|Rumania|Mármol travertino|416.JPG|Av. de los inmigrantes  200 al 300|-27.438915,-58.981771||||
417|Detalle|20-1-2004|López, Carlos|Desconocido|Madera|417.JPG|Marcelo T. de Alvear 145, Casa de Gobierno. |-27.449688,-58.987026||||
418|Crucificción||Fabriciano|Argentina|Mármol|418.JPG|Av. 25 de Mayo  1575 - Capilla Sagrado Corazón|-27.438788,-59.000676||||
419|La paz de nuestros dias||Monge, Carlos|México|Madera|419.JPG|Av. Italia 150 - Municipalidad de Resistencia.|-27.454056,-58.980497|Premio Joyería Razetto, Primer Concurso Trienal Internacional de Escultura en Madera|||
420|Fusión|13-7-2005|Saavedra Geuer, León|Bolivia|Madera y chapa|420.JPG|Av. De los Inmigrantes 1001 - Museum|-27.437641,-58.981315|Primer Premio, Bienal del Chaco 2002|||
421|Homenaje a los caidos en Malvinas|10-6-2004|Fabriciano|Argentina|Hormigón armando y metal|421.jpg|Av. Sarmiento 3000|-27.423776,-58.9588||||
422|Microcosmos|21-10-2004|Saavedra Geuer, León|Bolivia|Acero y mármol|422.JPG|Av. Alberdi 200|-27.452694,-58.988286||||
423|Mujer-Paz|29-11-2004|Mimo Eidman|Argentina|Resina|423.JPG|Av. Rivadavia 430|-27.443928,-58.985928||||
424|Madre de la tierra|5-1-2005|Juan, Elizabeth|Austria|Mármol travertino|424.JPG|Av. Sarmiento 355|-27.448329,-58.983573||||
425|Plenitud||Simoni, Mariana|Argentina|Hierro|425.JPG|Av. Nicolás Rojas Acosta 99|-27.459692,-58.974953||||
426|Danae|11-3-2005|Encina, Mirian|Argentina|Cemento|426.JPG|Av. Nicolás Rojas Acosta 100 al 200|-27.459147,-58.974242||||
427|Futuro|0-0-2005|Fabriciano|Argentina|Granito y metal|427.JPG|Brasilia e Issaias - EEGB 1030|-27.454755,-59.029008||||
428|Esfuerzos compartidos|15-3-2005|Beckelmann, Gustavo|Paraguay|Madera y metal|428.JPG|Mitre 802|-27.443735,-58.980309|Tercer Premio, Bienal del Chaco|||
429|La asunción de la virgen|0-0-1971|Torre, Eddie|Argentina|Chapa batida|429.JPG|Asunción 685 - Parroquia Nuestra Señora de la Asunción.|-27.44477,-58.968239||||
430|San Lucas|0-0-1971|Torre, Eddie|Argentina|Chapa batida|430.JPG|Asunción 685 - Parroquia Nuestra Señora de la Asunción.|-27.444923,-58.9684||||
431|El dragón a los pies de San Juan|0-0-1971|Torre, Eddie|Argentina|Chapa batida|431.JPG|Asunción 685 - Parroquia Nuestra Señora de la Asunción.|-27.444887,-58.968102||||
432|Hacia ellos|1-6-2005|Fabriciano|Argentina|Mármol, bronce y granito|432.JPG|Mitre y Santa Fe|-27.448912,-58.985679||||
433|Semilla|1-8-2005|Beckelmann, Gustavo|Paraguay|Mármol travertino|433.JPG|Don Bosco 637|-27.453718,-58.978279||||
434|Juana sin techo|16-11-2005|Gaggini, Guillermo|Argentina|Madera y metal|434.JPG|Av. Avalos y Av. Rivadavia|-27.440931,-58.989265|Premio del Público y de los Niños, Bienal del Chaco|||
435|Ana María|30-12-2005|Wilde, José Antonio|Argentina|Cemento|435.JPG|Ameghino 646|-27.459316,-58.98436||||
436|Cuna|8-3-2006|Cabral, Taty|Argentina|Cemento|436.JPG|Av. Nicolás Rojas Acosta 300|-27.457911,-58.97285||||
437|El Migrante|17-7-2006|Shiroma, Aldo|Perú|Mármol travertino|437.JPG|French 1|-27.454146,-58.982852|Premio del Público y de los Niños, Bienal Internacional de Escultura 2004|||
438|Germinación II|20-7-2006|Tulian, Chalo|Argentina|Metal - Madera|438.JPG|Av. Sarmiento 400 |-27.447938,-58.982964||||
439|Moonrise|19-7-2006|Jubran, Hanna|U.S.A.|Mármol travertino|439.JPG|Santa Fe 88|-27.448893,-58.985427|Tercer Premio, Bienal Internacional de Escultura 2004|||
440|Development|19-7-2006|Vassilev, Milen|Bulgaria|Mármol travertino|440.JPG|Santa Fe 88|-27.448833,-58.985515|Premio Fondo Nacional de las Artes, Bienal Internacional de Escultura 2004|||
441|Lotus plan|24-7-2006|Hasegawa, Masahiro|Japón|Metal|441.JPG|Av. De los Inmigrantes 1001 - Museum|-27.43776,-58.981431|Tercer Puesto y Premio de Escultores, Bienal Internacional de Escultura 2006|||
442|Song of wind: Crescendo|24-7-2006|Lyons, Michael|Inglaterra|Metal|442.JPG|Av. De los Inmigrantes 1001 - Museum|-27.44062605257932,-58.98381471633911|Premio Fondo Nacional de las Artes, Bienal Internacional de Escultura 2006|||
443|The symphony of the sky and ground - Music of Spheres|24-7-2006|Golovkov, Vladimir|Rusia|Metal|443.JPG|Av. Alvear 2000|-27.442478,-59.010798|Premio Repsol Y.P.F., Bienal Internacional de Escultura 2006|||
444|Melodía en fuga|24-7-2006|Ceolin, Leonardo|Brasil|Metal|444.JPG|Av. De los Inmigrantes 1001 - Museum|-27.437381,-58.981524|Premio Telecom Argentina S.A., Bienal Internacional de Escultura 2006|||
445|Música|24-7-2006|Spanhiel, Jan Eduard|República Checa|Metal|445.JPG|Av. De los Inmigrantes 1001 - Museum|-27.437184,-58.980875|Premio Libertad S.A., Bienal Internacional de Escultura 2006|||
446|Homenaje a Federico Moura|24-7-2006|Pezzani, Juan|Argentina|Metal|446.JPG|Av. La valle 489|-27.441112,-58.983694|Segundo Puesto, Premio de los Niños y del Público, Bienal Internacional de Escultura 2006|||
447|One Chord|24-7-2006|Twardowski, Piotr|Polonia|Metal|447.JPG|Av. De los Inmigrantes 1001 - Museum|-27.437462,-58.98101|Primer Premio, Bienal Internacional de Escultura 2006|||
448|Rhythm of nature|24-7-2006|Jubran, Hanna|U.S.A.|Metal|448.JPG|Av. De los Inmigrantes 1001 - Museum|-27.437086,-58.981216|Mención del Jurado, Bienal Internacional de Escultura 2006|||
449|Sunrise|24-7-2006|Dongliang, Li|China|Metal|449.jpg|UOCRA (Barrio UOM)|-27.495631,-58.976275|Premio Honda Motor Argentina, Bienal Internacional de Escultura 2006|||
450|Música|27-8-2006|Dickson, Don|Canadá|Metal|450.JPG|Av. De los Inmigrantes 1001 - Museum|-27.43776,-58.980647|Premio Multicanal, Bienal Internacional de Escultura 2006|||
451|Trompetas de la Fama|27-8-2006|Lievore, Vicent|Francia|Metal|451.JPG|Parque Laguna Argüello|-27.454237,-58.973568|Premio Femechaco, Bienal Internacional de Escultura 2006|||
452|Renacer|7-9-2006|Fabriciano|Argentina|Metal|452.JPG|Av. Avalos 175|-27.44334,-58.992221||||
453|El sur tambien existe|30-11-2006|Bustillos, Juan|Bolivia|Mármol travetino|453.JPG|Av. Alberdi 283|-27.453446,-58.988879||||
454|Equilibrio Diagonal II|15-1-2007|Fabriciano|Argentina|Mármol travertino y granito|454.JPG|Santiago del Estero 246|-27.452332,-58.99206||||
455|De la Serie de las Ventanas III|29-1-2007|Fabriciano|Argentina|Mármol travertino y granito|455.JPG|Juan D. Perón 771|-27.446758,-58.99504||||
456|Parásito|2-5-2007|Francini, Bettino|Italia|Mármol travertino|456.JPG|Juan D. Perón 445|-27.449317,-58.99217||||
457|Anuestro Perro||Victoria|Desconocido|Cemento|457.JPG|Posadas 358|-27.443716,-58.988667||||
458|Título desconocido|7-9-2007|Abt, David|Argentina|Metal|458.JPG|Don Bosco 42|-27.449191,-58.983568||||
459|Introspección|00-02-2006|Fabriciano|Argentina|Marmól travertino|459.JPG|José Maria Paz 499|-27.456497,-58.988937||||
460|Un pájaro canta mejor en su árbol genealógico|4-9-2007|Juan Parafioritti|Argentina|Madera|460.JPG|Av. De los Inmigrantes 1001 - Museum|||||
461|Suelta de pájaros|7-9-2007|Daniel Ciancio|Argentina|Madera|461.JPG|Ruta Nacional 11, Km 1003,5 - Aeropuerto Internacional Resistencia|-27.444792,-59.049033||||
463|El Supremo|22-9-2007|Benítez, Nelson|Paraguay|Madera|463.JPG|Gral. Fotheringham y Carlos Gardel - E.G.B.3 Nº 518 Comandante Andresito|||||
464|Explosión|20-11-2007|Fabriciano|Argentina|Granito rojo|464.JPG|Av. Castelli 236|-27.459182,-58.991352||||
465|Q.E.P.D. América|27-12-2007|Tulian, Chalo|Argentina|Mármol Travertino|465.JPG|Av. Alvear 45|-27.457235,-58.994047||||
466|Tensión|31-12-2007|Fabriciano|Argentina|Mármol y metal|466.JPG|Arbo y Blanco 247|-27.457747,-58.983343|Medalla de Oro, Bienal Internacional de Escultura 2004|||
467|Señales|7-1-2008|Ferrer, Francisco|Argentina|Madera|467.JPG|Remedios de Escalada 555, Círculo de Suboficiales del Ejército.|-27.444428,-58.984338||||
468|Malvinas|8-2-2008|Fabriciano|Argentina|Hormigon|468.JPG|Av. Sarmiento y ruta Nicolas Avellaneda|-27.422664,-58.957586||||
469|San Fernando||Fabriciano|Argentina|Mármol travertino|469.JPG|"Parque Norte ""Caraguatá"""|-27.389618,-58.983359||||
470|Sol|28-7-2002|Fabriciano|Argentina|Mármol travertino|470.JPG|Av. Lavalle 700 al 800|-27.439212,-58.985832||||
471|Esperándote|15-6-2003|Fabriciano|Argentina|Mámol travertino y metal|471.JPG|Av. De los Inmigrantes 1001 - Museum|-27.437253,-58.980347||||
472|Pareja II||Fabriciano|Argentina|Granito negro|472.JPG|Av. Lavalle 450|-27.441802,-58.982581||||
473|Fraternidad|6-6-2008|Fabriciano|Argentina|Metal|473.JPG|Julio A. Roca 1799|-27.437677,-59.003544||||
474|Familia|9-6-2008|Fabriciano|Argentina|Madera|474.JPG|Julio A. Roca 1754|-27.437901,-59.003124||||
475|Descarga|9-6-2008|Fabriciano|Argentina|Granito negro|475.JPG|Julio A. Roca 1754|-27.43811,-59.002884||||
476|Punto de encuentro|9-6-2008|Fabriciano|Argentina|Granito rojo y negro|476.JPG|Salta 286|-27.451278,-58.99151||||
477|Victor Flam|23-6-2008|Mimo Eidman|Argentina|Marmol|477.JPG|Av. Marconi y Av. Hernandarias - Cementerio Israelita|-27.457443,-59.008762||||
478|Dina Flan de Eidman|2-7-2008|Fabriciano|Argentina|Marmol - Bronce |478.JPG|Av. Marconi y Av. Hernandarias - Cementerio Israelita|-27.457714,-59.008575||||
479|Samuel Eidman||Fabriciano|Argentina|Marmol - Bronce |479.JPG|Av. Marconi y Av. Hernandarias - Cementerio Israelita|-27.457708,-59.008621||||
480|Ida Resch de Judchak||Fabriciano|Argentina|Marmol |480.JPG|Av. Marconi y Av. Hernandarias - Cementerio Israelita|-27.457493,-59.008598||||
481|David Judchack||Fabriciano|Argentina|Marmol|481.JPG|Av. Marconi y Av. Hernandarias - Cementerio Israelita|-27.457514,-59.008553||||
482|Abraham Katz||Fabriciano|Argentina|Marmol|482.JPG|Av. Marconi y Av. Hernandarias - Cementerio Israelita|-27.457443,-59.008797||||
483|Maria Berembaum||Fabriciano|Argentina|Marmol|483.JPG|Av. Marconi y Av. Hernandarias - Cementerio Israelita|-27.457466,-59.00856||||
484|Juan Pablo II||Fabriciano|Argentina|Cemento|484.JPG|Av. Sarmiento 1200|-27.44154,-58.975838||||
485|Tiempo de encuentros|11-7-2008|Fabriciano|Argentina|Madera y metal|485.JPG|Av. Avalos y Av. 25 de Mayo|-27.444837,-58.993621||||
486|Energía|15-7-2008|Fabriciano|Argentina|Granito negro y cobre|486.JPG|Don Bosco 636|-27.453787,-58.9784||||
487|El Vigia|15-7-2008|Fabriciano|Argentina|Madera y metal|487.JPG|Av. Italia 758|-27.449162,-58.975529||||
488|La Sphère Opposée|20-7-2008|Lestander, Dan|Suecia|Resina|488.JPG|Av. De los Inmigrantes 1001 - Museum|-27.437841,-58.981262||||
489|Ave|20-7-2008|Musante, Mauro|Argentina|Metal|489.JPG|Av. De los Inmigrantes 1001 - Museum|-27.43766,-58.981573||||
490|La vida es una para toda la vida|23-7-2008|Tulian, Chalo|Argentina|Madera|490.JPG|Cangallo 110|-27.446606,-58.993759||||
491|Sentinela||Fabriciano|Argentina|Granito|491.JPG|Colón 234 - Policia Federal Argentina.|-27.45606,-58.985188||||
492|Del vuelo al arraigo|17-7-2008|Arias, Marcelo|Argentina|Madera|492.JPG|Ruta Nacional 11, Km 1003,5 - Aeropuerto Internacional Resistencia|-27.444661,-59.049204||||
493|Viaje al interior||Wicnudel, Lily|Argentina|Acero inoxidable, vidrio, Cemento|493.JPG|Roque Saenz Peña 180|-27.454641,-58.985282||||
494|Mujer|8-3-2008|Adriana Oplanich|Argentina|Cemento|494.JPG|Sgto. Cabral y San Francisco Solano - Parque Ecológico Villa Prosperidad|-27.451361,-58.970387||||
495|Gigante herido|20-7-2008|Campin, Mariana|Desconocido|Granito y madera|495.JPG|Peatonal Juan D. Perón 0 al 100|-27.45199,-58.989061||||
496|Mis tres amores|27-8-2009|Calandria, Eduardo|Argentina|Metal|496.JPG|José Maria Paz 170|-27.45397,-58.986275||||
497|Fraternidad|20-7-2008|Vallone, Susana - Eidman, Mimo - Fabriciano|Argentina|Bronce|497.JPG|Peatonal Juan D. Perón 151|-27.451433,-58.989708||||
498|Plegaria|20-7-2008|Sotelo, Walter - Gómez Lollo, Humberto - Fabriciano|Argentina|Bronce|498.JPG|Peatonal Juan D. Perón 151|-27.451466,-58.989678||||
499|El Manto|20-7-2008|Sotelo, Walter - Gómez Lollo, Humberto - Fabriciano|Argentina|Bronce|499.JPG|Peatonal Juan D. Perón 151|-27.451418,-58.989683||||
500|Vuelo de paz|20-7-2008|Eidman, Mimo - Sotelo, Walter - Gómez Lollo, Humberto - Fabriciano|Argentina|Bronce|500.JPG|Peatonal Juan D. Perón 151|-27.451449,-58.989659||||
501|Moises||Ester, Stefan|Alemania|Madera de quebracho|501.JPG|Av. De los Inmigrantes 1001 - Museum|-27.437324,-58.980559||||
502|Cielo a la tierra - lluvia||Saito, Toru|Japón|Madera de urunday|502.JPG|Av. De los Inmigrantes 1001 - Museum|-27.436884,-58.981492|Gran Premio Chaco y de los Escultores, Bienal Internacional de Escultura 2008|||
503|Sin título||Pezzani, Juan|Argentina|Madera de urunday|503.JPG|Av. Lavalle 63|-27.44437,-58.980044|"Premio Fondo Nacional de las Artes, Mención del Jurado ""Telecom Argentina S.A."", Bienal Internacional de Escultura 2008"|||La estructura no se encuentra en su totalidad
504|Regeneración||Honarvar, Alí|Irán|Madera de quebracho|504.JPG|Av. Sarmiento 2100|-27.434532,-58.968323|Premio S.E.Ch.E.E.P, Bienal Internacional de Escultura 2008|||
505|No matarás||D`Avila, Cícero|Brasil|Madera de quebracho|505.JPG|Av. De los Inmigrantes - Rambla de las Esculturas|-27.438788,-58.981763|Premio Cámara de Diputados de la Provincia del Chaco, Bienal Internacional de Escultura 2008|||
506|El becerro de oro||Martinovic, Vladam|Servia|Madera de quebracho|506.JPG|Av. Velez Sarfield - Av Paraguay|-27.453511,-58.975095|Premio Standard Bank, Bienal Internacional de Escultura 2008|||
507|Qawak||Guillén Bezada, Pool|Perú|Madera de quebracho|507.JPG|Av. Wilde - Av Rivadavia|-27.443344,-58.986564|Premio Honda, Bienal Internacional de Escultura 2008|||
508|El pilar de los diez mandamientos|11-11-2009|Di Guglielmo, Doménico Antonio|Canadá|Madera de quebracho|508.JPG|Mitre 166|-27.449104,-58.986|Premio Ecom Chaco, Bienal Internacional de Escultura 2008|||
509|Honrarás a tu padre y a tu madre|29-12-2008|Pobornikova, Liliya|Bulgaria|Madera de quebracho|509.JPG|Av. De los Inmigrantes 1001 - Museum||Premio Banco de la Nación Argentina, Bienal Internacional de Escultura 2008|||
510|…aquel que me ama y respeta mis mandamientos…||Chlebek, Pawel|Polonia|Madera de quebracho|510.JPG|Av. De los Inmigrantes - Rambla de las Esculturas|-27.439455,-58.982487|Premio Fibertel, del Público y de los Niños, Bienal Internacional de Escultura 2008|||
511|Apoyo sin condiciones|17-11-2008|Fabriciano|Argentina|Granito rojo|511.JPG|Av. Castelli 1100, Instituto San Fernando Rey|-27.466946,-58.983729|Premio Femechaco, Bienal Internacional de Escultura 2008|||
512|Angel mensajero|5-3-2009|Eremin, Alexander|Rusia|Madera|512.JPG|"Bº Alberdi s/Nº, Centro Comunitario de Ayuda al Niño Desnutrido ""Cruz Roja"""|-27.476017,-59.014574||||
513|Encuentro|8-3-2008|Molina, Molly|Argentina|Metal|513.JPG|Sgto. Cabral y San Francisco Solano - Parque Ecológico Villa Prosperidad|-27.451357,-58.970528||||
514|Dogma II Nexo|4-8-2009|Mártire Dieguez, Omar|Argentina|Metal|514.JPG|Av. 25 de Mayo 1135|-27.442123,-58.996824||||
515|Familia|13-8-2009|Fabriciano|Argentina|Mármol travertino|515.JPG|Pueyrredón 152|-27.448404,-58.986916||||
516|Busto del Gral. Belgrano|12-11-2009|Marchese, Víctor|Argentina|Cemento|516.JPG|Av. Paraguay 401|-27.45039,-58.978606||||
517|Comunión|26-11-2009|Fabriciano|Argentina|Madera y mármol|517.JPG|Gral. Mansilla 76|-27.437289,-59.003393||||
518|Imágenes de esperanza|3-12-2009|Fabriciano|Argentina|Granito, bronce y cristal|518.JPG|Av. 9 de Julio 647|-27.456103,-58.980752||||
519|Bagual Fuentes||Diaz Cordoba, Luis|Argentina|Cemento|519.JPG|Plazoleta - Barrio Ricardo Güiraldes|-27.485931,-58.988901||||
520|Homenaje a Ertivio Acosta||Monzón, Jorge|Argentina|Cemento|520.JPG|Juan B. Justo 280 - Museo del Hombre Chaqueño.|-27.454107,-58.985085||||
521|Horizontes Tallados||Kordi, Jorge|Argentina|Cemento|521.JPG|Av. 25 de Mayo 555|-27.44692,-58.991433||||
522|Recordando||Korytnicki, Teresa|Argentina|Chapa|522.JPG|Ameghino 355|-27.456971,-58.986838||||
523|Sin Titulo||Benitez, Manuel|Argentina|Madera|523.JPG|Necochea 964|-27.456274,-58.997581||||
524|Totem Urbano|14-5-2010|Leonardo Gotleyb|Argentina|Hormigón armado, mosaico veneciano y hierro|524.JPG|Av. Las Heras 750|-27.463124,-58.986062||||
525|Cristo|13-8-2010|Torre, Eddie|Argentina|Metal|525.JPG|Av. 9 de julio 1101 - Hospital Julio C. Perrando|-27.459235,-58.976846||||
526|Idolo de la fertilidad|14-8-2010|Alvarez Lomba, Arturo|Argentina|Mármol travertino|526.JPG|San Lorenzo 375|-27.459525,-58.983571||||
527|Busto de Félix Codutti|8-10-2010|Benítez, Manuel|Argentina|Mármol reconstituído|527.JPG|Av. Hernandarias y Pje. Codutti|-27.448372,-58.997653||||
528|Espacio protector de la memoria|11-11-2010|Collemi, Raúl|Argentina|Madera|528.JPG|Colón 234 - Policia Federal Argentina|-27.456029,-58.985145||||
529|Connection|12-11-2010|Esterbauer, Stefan|Austria|Mármol travertino|529.JPG|Corrientes 1130|-27.439779,-58.994||||
530|Charnela|15-11-2010|Rebolledo, Dalmiro|Argentina|Metal|530.JPG|Av. Vélez Sárfield 30|-27.457302,-58.978987||||
531|Vuelo solidario|9-12-2009|Fabriciano|Argentina|Madera - Metal|531.jpg|Av. 25 de Mayo 899|-27.44414,-58.994552||||
532|Contracara |9-12-2010|Fabriciano|Argentina|Marmol Travertino|532.JPG|Ameghino 656|-27.459394,-58.984257||||
533|Simbolismo Vital||Abalos Cussi  Aguedo|Argentina|Marmol Travertino|533.jpg|Av. 25 de Mayo 1850|-27.436367,-59.003001||||
534|Vagabundo|27-5-2011|Fabriciano|Argentina|Marmol - Acero Inoxidable |534.jpg|Av. Italia 50|-27.454655,-58.981651||||
535|Catedral Espacial|3-6-2011|Mabel Remeseiro|Argentina|Metal|535.JPG|Av. 25 de Mayo 2350|-27.433149,-59.008588||||
536|Dialogo ||Fausto Caner|Argentina |Lava Bolcanica |536.JPG|Frondizi 217|-27.453694,-58.987519||||
537|Cecilia Creiman de Kuc||Mimo Eidman|Argentina|Marmol Travertino|537.JPG|Av. Marconi y Av. Hernandarias - Cementerio Israelita|-27.457396,-59.008747||||
538|Golda Dar de Katz||Mimo Eidman|Argentina|Marmol Travertino|538.JPG|Av. Marconi y Av. Hernandarias - Cementerio Israelita|-27.457415,-59.008839||||
539|San Martín||Luis Perlotti|Argentina|Bronce|539.JPG|Av. Italia 150 - Municipalidad de Resistencia.|-27.453982,-58.980706||||
540|Greenpeace||Ernesto Aragon |Argentina|Metal|540.JPG|Av. Sarmiento 200 al 300|-27.449276,-58.984418||||
541|La Memoria de los Tiempos|2-9-2011|Daniel Ventura|Argentina|Madera|541.JPG|Barrio Felipe Gallardo |-27.407395,-58.966582||||
542|Cabeza|6-9-2011|Aurelio Macchi|Argentina |Cemento|542.JPG|Peatonal Juan D. Perón 120|-27.451714,-58.989281||||
543|Mensaje de paz|10-9-2011|Fabriciano|Argentina|Acero Inoxidable|543.JPG|Parque Urbano Tiro Federal |-27.47053,-58.977574||||
544|1492||Juan Bengler|Argentian|Marmol Travertino|544.JPG|Av. De los Inmigrantes 1001 - Museum|-27.437527,-58.980894||||
545|Soporte|28-10-2011|Fabriciano|Argentina|Marmol Trvertino|545.JPG|Pellegrini 212 - CPCE|-27.451033,-58.982801||||
546|Idea Global|27-12-2011|Vahe Thokmajyan |Canada|Marmol Travertino|546.JPG|Brown 70|-27.45020924997419,-58.98411512374878||||
547|Madre Escudo |1-1-2012|Nestor Javier Confalonieri|Argentina|Marmol Travertino|547.JPG|Av. Velez Sarfield   441|-27.453884,-58.97579|Tercer Premio - Bienal Internacional de Escultura 2010 |||
548|Maternidad|7-2-2012|Desconocido|Desconocido|Bronce|548.JPG|Av. Alberdi 236|-27.453008,-58.988477||||
549|La Siesta|20-3-2012|Gregorio La Ferrere|Argentina|Cemento|549.JPG|Av. Sarmiento 400 al 500|-27.447805,-58.982836||||
550|Movi-Viento|22-6-2012|David Abt|Argentina|Acero Inoxidable|550.JPG|Santa Fe  138|-27.448488,-58.985902||||
551|Donde esta mama, donde esta papa|13-7-2012|Baku Inoue|Japon|Marmol Travertino|551.JPG|Av. De los Inmigrantes 1001 - Museum|-27.436265,-58.981503||||
552|Fraternidad II|17-7-2012|Fabriciano|Argentina|Marmol Travertino|552.JPG|Julio A. Roca 1647|-27.438841,-59.002228||||
553|Fraternidad III|17-7-2012|Fabriciano|Argentina|Marmol Travertino|553.JPG|Julio A. Roca 1669|-27.4387,-59.002394||||
554|Caminos de la Vida|27-7-2012|Fabriciano|Argentina|Marmol Travertino- Acero Inoxidable|554.JPG|Av. Italia 191 - Vialidad Nacional|-27.453427,-58.980626||||
555|Estudio|18/010/2012|Nevot Antonio Miguel|Argentina|Bronce|555.jpg|Brown 42|-27.449971,-58.984392||||
556|Esperando el encuentro|8-11-2012|Mercedes Valsecchi|Argentina|Resina|556.JPG|Av. Alberdi 354|-27.453913,-58.989522||||
557|Simplemente Mujer|15-11-2012|Fabriciano|Argentina|Marmol|557.JPG|Av. Wilde 701 |-27.441669,-58.984783||||
558|Sin Titulo|29-11-2012|Zulema Adaime|Argentina|Metal|558.jpg|Cervantes 710|-27.462236,-58.986371||||
559|Vuelo de Amistad|3-12-2012|Fabriciano|Argentina|Marmol Travertino|559.jpg|Julio A. Roca 1785|-27.437777,-59.003445||||
560|Vuelo a la Eternidad|3-12-2012|fabriciano|Argentina|Marmol Travertino|560.JPG|Julio A. Roca 1720|-27.438135,-59.002857||||
561|Rompecabeza|6-12-2012|Wang Lan-Biao|Taiwan|Marmol Travertino|561.jpg|Av. Alvear 50 - Canal 9|-27.456914,-58.993879||||
562|Coya, Toba, Mapuche|28-12-2012|Nestor Vildoza|Argentina|Marmol Travertino|562.JPG|Av. de los Inmigrantes, Rambla de las Esculturas|-27.438367,-58.981168||||
563|Bolsa de Leche|28-12-2012|Mahadev Prabhudesai |India|Marmol Travertino|563.JPG|Av. de los Inmigrantes, Rambla de las Esculturas|-27.438541,-58.981452||||
564|Progreso Global|28-12-2012|Levon Tokmajyan |Armenia|Marmol Travertino|564.JPG|Av. de los Inmigrantes, Rambla de las Esculturas|-27.438929,-58.981871||||
565|Memorando de un investigador Interestelar|28-12-2012| Im Ho Young |Corea del Sur|Marmol Travertino|565.JPG|Av. de los Inmigrantes, Rambla de las Esculturas|-27.438967,-58.981916||||
566|Svela|28-12-2012|Elias Naman |Siria|Marmol Travertino|566.JPG|Av. de los Inmigrantes, Rambla de las Esculturas|-27.439191,-58.982155||||
567|Interior|28-12-2012|Mario Lopes|Portugal|Marmol Travertino|567.JPG|Av. de los Inmigrantes, Rambla de las Esculturas|-27.439548,-58.982485||||
568|Última|28-12-2012|Julia Farjat|Argentina|Madera y Metal|568.JPG|Av. de los Inmigrantes, Rambla de las Esculturas|-27.439595,-58.982611||||
569|El Bosque en Paz|28-12-2012|Baku Inoue |Japon|Marmol Travertino|569.JPG|Av. de los Inmigrantes, Rambla de las Esculturas|-27.440133,-58.983214||||
570|Sexto Sol|28-12-2012|Carlos Monge |Mexico|Marmol Travertino|570.JPG|Av. de los Inmigrantes, Rambla de las Esculturas|-27.440533,-58.98364||||
571|El Ultimo Baktun|28-12-2012|Nestor Alejandro Vildoza |Argentina|Marmol Travertino|571.JPG|Av. de los Inmigrantes, Rambla de las Esculturas|-27.440302,-58.983348||||
572|Adelante|28-12-2012|Alessio Ranaldi |Italia|Marmol Travertino|572.jpg|Av. de los Inmigrantes, Rambla de las Esculturas|-27.440683,-58.983729||||
573|Identidad|28-12-2012|Dario Klehr |Argentina|Cemento|573.JPG|Av. de los Inmigrantes, Rambla de las Esculturas|-27.440179,-58.983289||||
574|Espejos  del Cielo|28-12-2012|Fernando Pintos|Colombia|Marmol Travertino|574.JPG|Av. de los Inmigrantes, Rambla de las Esculturas|-27.438019,-58.980892||||
575|Título desconocido||Carlos Diaz Navarro |Argentina|Madera|575.JPG|Av. de los Inmigrantes, Rambla de las Esculturas|-27.439445,-58.982361||||
576|Intitulada|28-12-2012|Jose Luis De Leo|Argentina|Madera|576.JPG|Av. de los Inmigrantes, Rambla de las Esculturas|-27.43861,-58.981543||||
577|El dia que la tierra pierda su color |28-12-2012|Fabriciano|Argentina|Granito|577.JPG|Av. de los Inmigrantes, Rambla de las Esculturas|-27.440452,-58.98356||||
578|Universo|28-12-2012|Jorge Luiz Schröder|Brasil|Madera|578.JPG|Av. de los Inmigrantes, Rambla de las Esculturas|-27.439943,-58.982989||||
579|Natura|28-12-2012|Cobo Jesús|Desconocido|Madera|579.JPG|Av. de los Inmigrantes, Rambla de las Esculturas|-27.439319,-58.982235||||
580|Pareja Astral||Mónica  Chames |Argentina|Cemento|580.JPG|Av. de los Inmigrantes, Rambla de las Esculturas|-27.439081,-58.982053||||
581|Doma|11-4-2012|Alber H. Hussman|Alemania|Cemento|581.jpg|Av. Sarmiento 726|-27.445249,-58.979816||||
582|Desde Adentro|9-5-2012|Eduardo Ledante|Argentina|Madera|582.jpg|Salta 1117 - Escuela San Roque U.E.P N° 31|-27.444558,-58.999304||||
583|Origenes|14-5-2013|María Inés  Palero|Argentina|Madera|583.JPG|Av. Rivadavia 260 - Comisaría Segunda|-27.445163,-58.984333||||
584|Pedestal de Amor|17-6-2012|Patricia Staub|Argentina|Bronce|584.jpg|Mitre 418|-27.447167281971023,-58.983755707740784||||
585|Victoria II|9-8-2013|Fabriciano|Argentina|Marmol Travertino|585.jpg|Pellegrini 575 - Biofar Imagen|-27.448196,-58.979832||||
586|Energia Vital I|26-11-2013|Fabriciano|Argentina|Marmol Travertino|586.jpg|Av. Italia 1436|-27.44383958709729,-58.96952164359391||||
587|Familia VI|18-12-2013|Fabriciano|Argentina|Hierro|587.jpg|Av. Italia 102|-27.45421033366085,-58.981081964448094||||
588|Cuando cantaba en N´viké II|30-12-2013|Eidman, Mimo|Argentina|Hierro|588.jpg|Santa Fe 1002|-27.441547,-58.993715||||Foto en DMRE, previo al emplazamieto
589|El Gemido de un Fuelle|7-3-2014|Francisco Martire|Argentina|Cemento|588.jpg|Av. Sarmiento 400 al 500|-27.447358,-58.982337||||
590|Milo I|7-3-2014|Milo Locket|Argentina|Chapa|590.jpg|Av. Sarmiento 500 al 600|-27.447091,-58.982047||||
591|Pujanza|28-3-2014|Fabriciano|Argentina|Mármol Travertino|590.jpg|Julio A. Roca 1765|-27.438165,-59.003039||||
592|Solidaridad II|28-3-2014|Fabriciano|Argentina|Mármol Travertino y Rosso Verona|592.jpg|Julio A. Roca 1725|-27.437903,-59.003325||||
593|Dulce Vivencia|8-5-2014|Adolfina Maciel|Argentina|Metal Polimerizado||Arbo y Blanco 273 - Radio Libertad|-27.457988,-58.98363||||
13|Maternidad||Arranz, Fernando|Argentina|Cerámica|13.jpg|Frondizi 150 - Actualmente en DMRE|||||Destrucción por vandalismo
38|El muro|07-26-1997|Cabrera Castillo, Dolores|Argentina|Hierro|38.jpg|Plazoleta Aldo y Efraín Boglietti|||||
72|Chaco 2000||Eidman, Mimo|Argentina|Desconocido|72.jpg|Av. Lavalle 400 al 500|||||Destruída por temporal
87|Vuelo||Fabriciano|Argentina|Cemento|87.jpg|Juan D. Perón 460|||||
91|Remontando el mar||Fabriciano|Argentina|Bronce|91.jpg|Pellegrini 480|||||Réplica del original. Robada el 30/01/2012
110|Pareja||Gaimari, Enrique|Argentina|Bronce|110.jpg|Pellegrini 746|||||Desaparecida
164|El pueblo||Marchesotti, Carlos|Desconocido|Granito reconstituído|164.jpg|Frondizi 217|||||
173|Néstor Amarilla||Monzón, Jorge|Argentina|Cemento|173.jpg|Av. Sarmiento 900 al 1000|||||
185|Sentidos|0-0-1999|Pariggi, Roberto|Argentina|Madera|185.jpg|Museum||Tercer Premio - Concurso Milenio|||
208|Hacia el nuevo siglo|0-0-1999|Ricardone, Víctor|Argentina|Madera y metal|208.jpg|Plazoleta Villa Don Santiago||Segundo Premio y Reconocimiento de los Escultores - Concurso Milenio|||Desaparecida
241|Tango||Tarraf, Adela|Argentina|Bronce|241.jpg|Av. 9 de Julio 249|||||
308|El legado||Pujol, Whashington|Desconocido|Cerámica|308.JPG|Güemes 600|||||
